group,mode,epsilon,command,direction,target,lower,upper,gap,pointwise_tolerance_met,report,coefficients,source_snapshot,candidate_npz,input_coefficients,dual_input_candidate_npz
B2,pure,,boundary,"[1.0, 0.0]","[2.2348893985478413, -0.018873680775901167]",2.2348893985478404,2.236231782346892,0.0013423837990513834,False,results/runs/stage_B_pv_pure_M50_barrier_20260907/report.json,results/runs/stage_B_pv_pure_M50_barrier_20260907/coefficients.json,results/runs/stage_B_pv_pure_M50_barrier_20260907/source.json,results/runs/stage_B_pv_pure_M50_barrier_20260907/candidate.npz,results/runs/stage_B_recover_pure_M50_raw_20260907/coefficients.json,
B2,pure,,boundary,"[-1.0, 0.0]","[-0.5303702845458692, -0.06994807134376296]",0.530370284545869,12478.643305110298,12478.112934825753,False,results/runs/stage_B2_PV_B377500_region_20260907/support_001_minus_x/report.json,results/runs/stage_B2_PV_B377500_region_20260907/support_001_minus_x/coefficients.json,results/runs/stage_B2_PV_B377500_region_20260907/support_001_minus_x/source.json,results/runs/stage_B2_PV_B377500_region_20260907/support_001_minus_x/candidate.npz,results/runs/stage_B_pv_pure_M50_barrier_20260907/coefficients.json,
B2,pure,,boundary,"[0.0, 1.0]","[-1.0490616604265806, 0.0772546023077756]",0.07725460230777557,0.09423059470046934,0.016975992392693765,False,results/runs/stage_B2_PV_B377500_region_20260907/support_002_plus_y/report.json,results/runs/stage_B2_PV_B377500_region_20260907/support_002_plus_y/coefficients.json,results/runs/stage_B2_PV_B377500_region_20260907/support_002_plus_y/source.json,results/runs/stage_B2_PV_B377500_region_20260907/support_002_plus_y/candidate.npz,results/runs/stage_B_pv_pure_M50_barrier_20260907/coefficients.json,
B2,pure,,boundary,"[0.0, -1.0]","[-0.12381826752021925, -0.7341874510146442]",0.734187451014644,0.7346134547155557,0.00042600370091172573,True,results/runs/stage_B2_PV_B377500_region_20260907/support_003_minus_y/report.json,results/runs/stage_B2_PV_B377500_region_20260907/support_003_minus_y/coefficients.json,results/runs/stage_B2_PV_B377500_region_20260907/support_003_minus_y/source.json,results/runs/stage_B2_PV_B377500_region_20260907/support_003_minus_y/candidate.npz,,
B2,pure,,boundary,"[-1.0, 0.0]","[-2.9025173125294828, -0.4481796607393603]",2.902517312529482,2.918466830202308,0.015949517672825934,False,results/runs/stage_B2_PV_B377500_region_20260907/support_004_minus_x_cold/report.json,results/runs/stage_B2_PV_B377500_region_20260907/support_004_minus_x_cold/coefficients.json,results/runs/stage_B2_PV_B377500_region_20260907/support_004_minus_x_cold/source.json,results/runs/stage_B2_PV_B377500_region_20260907/support_004_minus_x_cold/candidate.npz,,
B2,pure,,boundary,"[0.0, 1.0]","[-1.0851087243125586, 0.07946458317167251]",0.07946458317167249,0.0798697416568516,0.00040515848517910796,True,results/runs/stage_B2_PV_B377500_region_20260907/support_005_plus_y_refine/report.json,results/runs/stage_B2_PV_B377500_region_20260907/support_005_plus_y_refine/coefficients.json,results/runs/stage_B2_PV_B377500_region_20260907/support_005_plus_y_refine/source.json,results/runs/stage_B2_PV_B377500_region_20260907/support_005_plus_y_refine/candidate.npz,results/runs/stage_B2_PV_B377500_region_20260907/support_002_plus_y/coefficients.json,
B2,pure,,boundary,"[0.29021320288767954, -0.9569620143295524]","[1.6999673144488805, -0.5676081759121536]",1.0365324225013937,1.0369456633693033,0.0004132408679096145,True,results/runs/stage_B2_PV_B377500_region_20260907/support_006_adaptive/report.json,results/runs/stage_B2_PV_B377500_region_20260907/support_006_adaptive/coefficients.json,results/runs/stage_B2_PV_B377500_region_20260907/support_006_adaptive/source.json,results/runs/stage_B2_PV_B377500_region_20260907/support_006_adaptive/candidate.npz,results/runs/stage_B2_PV_B377500_region_20260907/support_003_minus_y/coefficients.json,
B2,pure,,boundary,"[-0.2788148209138379, 0.9603448836948029]","[-2.526567495128275, 0.03284801959700548]",0.7359898912404046,0.7515359978219088,0.01554610658150424,False,results/runs/stage_B2_PV_B377500_region_20260907/support_007_adaptive/report.json,results/runs/stage_B2_PV_B377500_region_20260907/support_007_adaptive/coefficients.json,results/runs/stage_B2_PV_B377500_region_20260907/support_007_adaptive/source.json,results/runs/stage_B2_PV_B377500_region_20260907/support_007_adaptive/candidate.npz,results/runs/stage_B2_PV_B377500_region_20260907/support_005_plus_y_refine/coefficients.json,
B2,pure,,boundary,"[-0.1023877327794028, -0.9947445662964406]","[-2.292294731382802, -0.668112617315334]",0.8993042561569767,0.8997685798413849,0.00046432368440818555,True,results/runs/stage_B2_PV_B377500_region_20260907/support_008_adaptive/report.json,results/runs/stage_B2_PV_B377500_region_20260907/support_008_adaptive/coefficients.json,results/runs/stage_B2_PV_B377500_region_20260907/support_008_adaptive/source.json,results/runs/stage_B2_PV_B377500_region_20260907/support_008_adaptive/candidate.npz,results/runs/stage_B2_PV_B377500_region_20260907/support_003_minus_y/coefficients.json,
B2,pure,,boundary,"[0.7160614807703349, -0.6980372165987967]","[2.090570877883346, -0.3569036667347004]",1.7461093205938822,1.7465411140858653,0.0004317934919830791,True,results/runs/stage_B2_PV_B377500_region_20260907/support_009_adaptive/report.json,results/runs/stage_B2_PV_B377500_region_20260907/support_009_adaptive/coefficients.json,results/runs/stage_B2_PV_B377500_region_20260907/support_009_adaptive/source.json,results/runs/stage_B2_PV_B377500_region_20260907/support_009_adaptive/candidate.npz,results/runs/stage_B2_PV_B377500_region_20260907/support_006_adaptive/coefficients.json,
B2,pure,,boundary,"[-0.787907592340341, 0.6157934929279839]","[-2.8134007449744085, -0.18830787642724175]",2.1007410422903248,2.101229872306408,0.0004888300160832416,True,results/runs/stage_B2_PV_B377500_region_20260907/support_010_adaptive/report.json,results/runs/stage_B2_PV_B377500_region_20260907/support_010_adaptive/coefficients.json,results/runs/stage_B2_PV_B377500_region_20260907/support_010_adaptive/source.json,results/runs/stage_B2_PV_B377500_region_20260907/support_010_adaptive/candidate.npz,results/runs/stage_B2_PV_B377500_region_20260907/support_007_adaptive/coefficients.json,
B2,pure,,boundary,"[-0.3390645029413561, -0.9407631279153809]","[-2.746955042459354, -0.5843488262150563]",1.4811287756174898,1.4816105183770623,0.00048174275957246776,True,results/runs/stage_B2_PV_B377500_region_20260907/support_011_adaptive/report.json,results/runs/stage_B2_PV_B377500_region_20260907/support_011_adaptive/coefficients.json,results/runs/stage_B2_PV_B377500_region_20260907/support_011_adaptive/source.json,results/runs/stage_B2_PV_B377500_region_20260907/support_011_adaptive/candidate.npz,results/runs/stage_B2_PV_B377500_region_20260907/support_008_adaptive/coefficients.json,
B2,pure,,boundary,"[0.09095847307227618, -0.9958546862752417]","[1.0690553749490577, -0.6920642298337345]",0.7864350510184661,0.7868327140601684,0.0003976630417023009,True,results/runs/stage_B2_PV_B377500_region_20260907/support_012_adaptive/report.json,results/runs/stage_B2_PV_B377500_region_20260907/support_012_adaptive/coefficients.json,results/runs/stage_B2_PV_B377500_region_20260907/support_012_adaptive/source.json,results/runs/stage_B2_PV_B377500_region_20260907/support_012_adaptive/candidate.npz,results/runs/stage_B2_PV_B377500_region_20260907/support_003_minus_y/coefficients.json,
B2,pure,,boundary,"[0.02960699087244769, 0.9995616169558926]","[2.0542126576701873, 0.040821183547964796]",0.10162234363896469,0.1040108750263434,0.002388531387378712,True,results/runs/stage_B2_PV_B377500_region_20260907/support_013_adaptive/report.json,results/runs/stage_B2_PV_B377500_region_20260907/support_013_adaptive/coefficients.json,results/runs/stage_B2_PV_B377500_region_20260907/support_013_adaptive/source.json,results/runs/stage_B2_PV_B377500_region_20260907/support_013_adaptive/candidate.npz,results/runs/stage_B2_PV_B377500_region_20260907/support_005_plus_y_refine/coefficients.json,
B2,pure,,boundary,"[0.9196874073130734, -0.39265133748627035]","[2.197266562882546, -0.1986588737008838]",2.098802060855324,2.0992309452390265,0.000428884383702588,True,results/runs/stage_B2_PV_B377500_region_20260907/support_014_adaptive/report.json,results/runs/stage_B2_PV_B377500_region_20260907/support_014_adaptive/coefficients.json,results/runs/stage_B2_PV_B377500_region_20260907/support_014_adaptive/source.json,results/runs/stage_B2_PV_B377500_region_20260907/support_014_adaptive/candidate.npz,results/runs/stage_B2_PV_B377500_region_20260907/support_009_adaptive/coefficients.json,
B2,pure,,boundary,"[-0.658647542299935, -0.752451603109632]","[-2.8716673547741545, -0.5186436057776909]",2.281670858134935,2.2821621130115965,0.0004912548766613513,True,results/runs/stage_B2_PV_B377500_region_20260907/support_015_adaptive/report.json,results/runs/stage_B2_PV_B377500_region_20260907/support_015_adaptive/coefficients.json,results/runs/stage_B2_PV_B377500_region_20260907/support_015_adaptive/source.json,results/runs/stage_B2_PV_B377500_region_20260907/support_015_adaptive/candidate.npz,results/runs/stage_B2_PV_B377500_region_20260907/support_011_adaptive/coefficients.json,
B2,pure,,boundary,"[-0.6106035708543127, 0.7919364111214752]","[-2.671161610890001, -0.04676006061927602]",1.59398982334774,1.5944761184848621,0.00048629513712206146,True,results/runs/stage_B2_PV_B377500_region_20260907/support_016_adaptive/report.json,results/runs/stage_B2_PV_B377500_region_20260907/support_016_adaptive/coefficients.json,results/runs/stage_B2_PV_B377500_region_20260907/support_016_adaptive/source.json,results/runs/stage_B2_PV_B377500_region_20260907/support_016_adaptive/candidate.npz,results/runs/stage_B2_PV_B377500_region_20260907/support_010_adaptive/coefficients.json,
B2,pure,,boundary,"[-0.9459262116817017, 0.32438187688818976]","[-2.878166373020223, -0.3081174638872706]",2.6225852925829,2.623076796770216,0.0004915041873161386,True,results/runs/stage_B2_PV_B377500_region_20260907/support_017_adaptive/report.json,results/runs/stage_B2_PV_B377500_region_20260907/support_017_adaptive/coefficients.json,results/runs/stage_B2_PV_B377500_region_20260907/support_017_adaptive/source.json,results/runs/stage_B2_PV_B377500_region_20260907/support_017_adaptive/candidate.npz,results/runs/stage_B2_PV_B377500_region_20260907/support_004_minus_x_cold/coefficients.json,
B2,pure,,boundary,"[0.47476260709051654, -0.8801138942822206]","[1.9266758811169913, -0.4785568320907634]",1.335898181464285,1.3363201197996812,0.00042193833539627695,True,results/runs/stage_B2_PV_B377500_region_20260907/support_018_adaptive/report.json,results/runs/stage_B2_PV_B377500_region_20260907/support_018_adaptive/coefficients.json,results/runs/stage_B2_PV_B377500_region_20260907/support_018_adaptive/source.json,results/runs/stage_B2_PV_B377500_region_20260907/support_018_adaptive/candidate.npz,results/runs/stage_B2_PV_B377500_region_20260907/support_006_adaptive/coefficients.json,
B2,pure,,boundary,"[0.3137164781093967, 0.9495167040987939]","[2.2300738622368224, 0.031507193497752196]",0.7295275245101441,0.7298994481044194,0.0003719235942752919,True,results/runs/stage_B2_PV_B377500_region_20260907/support_019_adaptive/report.json,results/runs/stage_B2_PV_B377500_region_20260907/support_019_adaptive/coefficients.json,results/runs/stage_B2_PV_B377500_region_20260907/support_019_adaptive/source.json,results/runs/stage_B2_PV_B377500_region_20260907/support_019_adaptive/candidate.npz,results/runs/stage_B2_PV_B377500_region_20260907/support_013_adaptive/coefficients.json,
B2,pure,,boundary,"[-0.03045648973178859, -0.9995360935119939]","[-1.331130561634675, -0.7125832356156913]",0.7527942279115409,0.7532319714315986,0.0004377435200576541,True,results/runs/stage_B2_PV_B377500_region_20260907/support_020_adaptive/report.json,results/runs/stage_B2_PV_B377500_region_20260907/support_020_adaptive/coefficients.json,results/runs/stage_B2_PV_B377500_region_20260907/support_020_adaptive/source.json,results/runs/stage_B2_PV_B377500_region_20260907/support_020_adaptive/candidate.npz,results/runs/stage_B2_PV_B377500_region_20260907/support_003_minus_y/coefficients.json,
B2,pure,,boundary,"[-0.03232295385934025, 0.9994774768116623]","[-1.9737491854210967, 0.06772450807620663]",0.13148652430059452,0.131925931266792,0.0004394069661974865,True,results/runs/stage_B2_PV_B377500_region_20260907/support_021_adaptive/report.json,results/runs/stage_B2_PV_B377500_region_20260907/support_021_adaptive/coefficients.json,results/runs/stage_B2_PV_B377500_region_20260907/support_021_adaptive/source.json,results/runs/stage_B2_PV_B377500_region_20260907/support_021_adaptive/candidate.npz,results/runs/stage_B2_PV_B377500_region_20260907/support_005_plus_y_refine/coefficients.json,
B2,pure,,boundary,"[0.19353418736093222, -0.9810935318931339]","[1.337900156552378, -0.656794776580073]",0.9033065266523339,0.903714197933571,0.00040767128123708757,True,results/runs/stage_B2_PV_B377500_region_20260907/support_022_adaptive/report.json,results/runs/stage_B2_PV_B377500_region_20260907/support_022_adaptive/coefficients.json,results/runs/stage_B2_PV_B377500_region_20260907/support_022_adaptive/source.json,results/runs/stage_B2_PV_B377500_region_20260907/support_022_adaptive/candidate.npz,results/runs/stage_B2_PV_B377500_region_20260907/support_006_adaptive/coefficients.json,
B2,pure,,boundary,"[-0.916052365015343, -0.40105867968390446]","[-2.9005080102925476, -0.4814756061240391]",2.850117193466549,2.8506119183494483,0.0004947248828992558,True,results/runs/stage_B2_PV_B377500_region_20260907/support_023_adaptive/report.json,results/runs/stage_B2_PV_B377500_region_20260907/support_023_adaptive/coefficients.json,results/runs/stage_B2_PV_B377500_region_20260907/support_023_adaptive/source.json,results/runs/stage_B2_PV_B377500_region_20260907/support_023_adaptive/candidate.npz,results/runs/stage_B2_PV_B377500_region_20260907/support_015_adaptive/coefficients.json,
B2,pure,,boundary,"[0.03529039550147962, -0.9993770999904636]","[0.5374756025120375, -0.7231929736115997]",0.7417102232864861,0.7421161438692813,0.0004059205827952051,True,results/runs/stage_B2_PV_B377500_region_20260907/support_024_adaptive/report.json,results/runs/stage_B2_PV_B377500_region_20260907/support_024_adaptive/coefficients.json,results/runs/stage_B2_PV_B377500_region_20260907/support_024_adaptive/source.json,results/runs/stage_B2_PV_B377500_region_20260907/support_024_adaptive/candidate.npz,results/runs/stage_B2_PV_B377500_region_20260907/support_003_minus_y/coefficients.json,
B2,pure,,boundary,"[-0.18118455475563613, -0.9834491126225097]","[-2.5709572734196726, -0.6296481512845385]",1.0850446645254903,1.0855191990939912,0.000474534568500884,True,results/runs/stage_B2_PV_B377500_region_20260907/support_025_adaptive/report.json,results/runs/stage_B2_PV_B377500_region_20260907/support_025_adaptive/coefficients.json,results/runs/stage_B2_PV_B377500_region_20260907/support_025_adaptive/source.json,results/runs/stage_B2_PV_B377500_region_20260907/support_025_adaptive/candidate.npz,results/runs/stage_B2_PV_B377500_region_20260907/support_008_adaptive/coefficients.json,
B2,pure,,boundary,"[0.012308543015896463, 0.9999242470151556]","[0.5269932768169705, 0.06527037580762186]",0.0717519507986224,0.07212698901389282,0.00037503821527042075,True,results/runs/stage_B2_PV_B377500_region_20260907/support_026_adaptive/report.json,results/runs/stage_B2_PV_B377500_region_20260907/support_026_adaptive/coefficients.json,results/runs/stage_B2_PV_B377500_region_20260907/support_026_adaptive/source.json,results/runs/stage_B2_PV_B377500_region_20260907/support_026_adaptive/candidate.npz,results/runs/stage_B2_PV_B377500_region_20260907/support_013_adaptive/coefficients.json,
B2,pure,,boundary,"[-0.4822969371187889, 0.8760077993065102]","[-2.569748961479437, 0.019848072118271616]",1.2567691192625248,1.257254006231077,0.00048488696855231167,True,results/runs/stage_B2_PV_B377500_region_20260907/support_027_adaptive/report.json,results/runs/stage_B2_PV_B377500_region_20260907/support_027_adaptive/coefficients.json,results/runs/stage_B2_PV_B377500_region_20260907/support_027_adaptive/source.json,results/runs/stage_B2_PV_B377500_region_20260907/support_027_adaptive/candidate.npz,results/runs/stage_B2_PV_B377500_region_20260907/support_007_adaptive/coefficients.json,
B2,pure,,boundary,"[-0.9852209006051146, 0.17128857816809248]","[-2.901221381197411, -0.4007216098275023]",2.789704907249545,2.790197532908922,0.0004926256593771329,True,results/runs/stage_B2_PV_B377500_region_20260907/support_028_adaptive/report.json,results/runs/stage_B2_PV_B377500_region_20260907/support_028_adaptive/coefficients.json,results/runs/stage_B2_PV_B377500_region_20260907/support_028_adaptive/source.json,results/runs/stage_B2_PV_B377500_region_20260907/support_028_adaptive/candidate.npz,results/runs/stage_B2_PV_B377500_region_20260907/support_017_adaptive/coefficients.json,
B2,pure,,boundary,"[0.9787978551446818, -0.20482860826596125]","[2.2250894665441736, -0.11072358534784126]",2.200592155247476,2.202042121930317,0.0014499666828409199,True,results/runs/stage_B2_PV_B377500_region_20260907/support_029_adaptive/report.json,results/runs/stage_B2_PV_B377500_region_20260907/support_029_adaptive/coefficients.json,results/runs/stage_B2_PV_B377500_region_20260907/support_029_adaptive/source.json,results/runs/stage_B2_PV_B377500_region_20260907/support_029_adaptive/candidate.npz,results/runs/stage_B_pv_pure_M50_barrier_20260907/coefficients.json,
B2,pure,,boundary,"[0.8291390334220085, -0.5590424521053993]","[2.1519934955005486, -0.2817009681654948]",1.941784606793477,1.9422150493156636,0.00043044252218660267,True,results/runs/stage_B2_PV_B377500_region_20260907/support_030_adaptive/report.json,results/runs/stage_B2_PV_B377500_region_20260907/support_030_adaptive/coefficients.json,results/runs/stage_B2_PV_B377500_region_20260907/support_030_adaptive/source.json,results/runs/stage_B2_PV_B377500_region_20260907/support_030_adaptive/candidate.npz,results/runs/stage_B2_PV_B377500_region_20260907/support_009_adaptive/coefficients.json,
B2,pure,,boundary,"[-0.0629633413867315, 0.9980158403760021]","[-2.3406271161638608, 0.05101571264473559]",0.1982881935015824,0.19874291357574428,0.0004547200741618907,True,results/runs/stage_B2_PV_B377500_region_20260907/support_031_adaptive/report.json,results/runs/stage_B2_PV_B377500_region_20260907/support_031_adaptive/coefficients.json,results/runs/stage_B2_PV_B377500_region_20260907/support_031_adaptive/source.json,results/runs/stage_B2_PV_B377500_region_20260907/support_031_adaptive/candidate.npz,results/runs/stage_B2_PV_B377500_region_20260907/support_021_adaptive/coefficients.json,
B2,pure,,boundary,"[0.5960164441277152, -0.802972227620205]","[2.015021626728321, -0.4226632763698717]",1.5403728973630277,1.5407992196818039,0.0004263223187761512,True,results/runs/stage_B2_PV_B377500_region_20260907/support_032_adaptive/report.json,results/runs/stage_B2_PV_B377500_region_20260907/support_032_adaptive/coefficients.json,results/runs/stage_B2_PV_B377500_region_20260907/support_032_adaptive/source.json,results/runs/stage_B2_PV_B377500_region_20260907/support_032_adaptive/candidate.npz,results/runs/stage_B2_PV_B377500_region_20260907/support_018_adaptive/coefficients.json,
B2,pure,,boundary,"[-0.7053821430317686, 0.7088272231594309]","[-2.7462658351973563, -0.11254165988117285]",1.8573942879031158,1.8578813232071965,0.00048703530408067413,True,results/runs/stage_B2_PV_B377500_region_20260907/support_033_adaptive/report.json,results/runs/stage_B2_PV_B377500_region_20260907/support_033_adaptive/coefficients.json,results/runs/stage_B2_PV_B377500_region_20260907/support_033_adaptive/source.json,results/runs/stage_B2_PV_B377500_region_20260907/support_033_adaptive/candidate.npz,results/runs/stage_B2_PV_B377500_region_20260907/support_016_adaptive/coefficients.json,
B2,pure,,boundary,"[-0.46611948942971304, -0.8847217763646283]","[-2.8195130962892936, -0.5529836848794454]",1.803466712869955,1.8039519880585033,0.00048527518854823987,True,results/runs/stage_B2_PV_B377500_region_20260907/support_034_adaptive/report.json,results/runs/stage_B2_PV_B377500_region_20260907/support_034_adaptive/coefficients.json,results/runs/stage_B2_PV_B377500_region_20260907/support_034_adaptive/source.json,results/runs/stage_B2_PV_B377500_region_20260907/support_034_adaptive/candidate.npz,results/runs/stage_B2_PV_B377500_region_20260907/support_011_adaptive/coefficients.json,
B2,pure,,boundary,"[-0.04621801078567971, -0.9989313767616946]","[-1.988398757256484, -0.6885839956694683]",0.7797479940192827,0.7801996210445712,0.00045162702528844806,True,results/runs/stage_B2_PV_B377500_region_20260907/support_035_adaptive/report.json,results/runs/stage_B2_PV_B377500_region_20260907/support_035_adaptive/coefficients.json,results/runs/stage_B2_PV_B377500_region_20260907/support_035_adaptive/source.json,results/runs/stage_B2_PV_B377500_region_20260907/support_035_adaptive/candidate.npz,results/runs/stage_B2_PV_B377500_region_20260907/support_008_adaptive/coefficients.json,
B2,pure,,boundary,"[0.3656070746563772, -0.9307692877191459]","[1.8274005556008805, -0.5239926900269911]",1.1558268742251376,1.156243586167809,0.000416711942671455,True,results/runs/stage_B2_PV_B377500_region_20260907/support_036_adaptive/report.json,results/runs/stage_B2_PV_B377500_region_20260907/support_036_adaptive/coefficients.json,results/runs/stage_B2_PV_B377500_region_20260907/support_036_adaptive/source.json,results/runs/stage_B2_PV_B377500_region_20260907/support_036_adaptive/candidate.npz,results/runs/stage_B2_PV_B377500_region_20260907/support_006_adaptive/coefficients.json,
B2,pure,,boundary,"[-0.8796951830932432, 0.4755379951618432]","[-2.8500933295482858, -0.24368257660606604]",2.3913330494346887,2.3918242689569253,0.0004912195222366301,True,results/runs/stage_B2_PV_B377500_region_20260907/support_037_adaptive/report.json,results/runs/stage_B2_PV_B377500_region_20260907/support_037_adaptive/coefficients.json,results/runs/stage_B2_PV_B377500_region_20260907/support_037_adaptive/source.json,results/runs/stage_B2_PV_B377500_region_20260907/support_037_adaptive/candidate.npz,results/runs/stage_B2_PV_B377500_region_20260907/support_017_adaptive/coefficients.json,
B3,chiral,0.006,boundary,"[1.0, 0.0]","[0.1825201798903248, -0.011757752421207147]",0.18252017989032474,0.18256775797990524,4.7578089580502254e-05,True,results/runs/stage_B3_pv_M50_eps006_x_20260907/report.json,results/runs/stage_B3_pv_M50_eps006_x_20260907/coefficients.json,results/runs/stage_B3_pv_M50_eps006_x_20260907/source.json,results/runs/stage_B3_pv_M50_eps006_x_20260907/candidate.npz,,
B3,chiral,0.006,boundary,"[-11.11111111111111, -166.66666666666666]","[0.01794678534233582, -0.003980801743776362]",0.46405823127010654,0.46794897685869996,0.0038907455885934254,False,results/runs/stage_B3_pv_M50_eps006_strip_minus_20260907/report.json,results/runs/stage_B3_pv_M50_eps006_strip_minus_20260907/coefficients.json,results/runs/stage_B3_pv_M50_eps006_strip_minus_20260907/source.json,results/runs/stage_B3_pv_M50_eps006_strip_minus_20260907/candidate.npz,,
B3,chiral,0.006,boundary,"[11.11111111111111, 166.66666666666666]","[0.06123465195612447, -0.0018376308012031117]",0.37411322153419757,0.37453901743179574,0.0004257958975981691,True,results/runs/stage_B3_pv_M50_eps006_strip_plus_20260907/report.json,results/runs/stage_B3_pv_M50_eps006_strip_plus_20260907/coefficients.json,results/runs/stage_B3_pv_M50_eps006_strip_plus_20260907/source.json,results/runs/stage_B3_pv_M50_eps006_strip_plus_20260907/candidate.npz,,
B3,chiral,0.006,boundary,"[-7.6632156007140795, -162.16656847555893]","[0.030764818841541215, -0.00477961615023284]",0.5393365100139799,512907.8214112615,512907.28207475157,False,results/runs/stage_B3_pv_M50_eps006_adaptive_001_20260907/report.json,results/runs/stage_B3_pv_M50_eps006_adaptive_001_20260907/coefficients.json,results/runs/stage_B3_pv_M50_eps006_adaptive_001_20260907/source.json,results/runs/stage_B3_pv_M50_eps006_adaptive_001_20260907/candidate.npz,results/runs/stage_B3_pv_M50_eps006_strip_minus_20260907/coefficients.json,
B3,chiral,0.006,boundary,"[-7.430124750216828, -161.5848731410951]","[0.1253897242397412, -0.010134562899173869]",0.7059307669068943,0.7059859848341156,5.5217927221296044e-05,True,results/runs/stage_B3_pv_M50_eps006_adaptive_002_20260907/report.json,results/runs/stage_B3_pv_M50_eps006_adaptive_002_20260907/coefficients.json,results/runs/stage_B3_pv_M50_eps006_adaptive_002_20260907/source.json,results/runs/stage_B3_pv_M50_eps006_adaptive_002_20260907/candidate.npz,,
B3,chiral,0.006,boundary,"[-11.11111111111111, -166.66666666666666]","[0.018125392426890215, -0.004008032286140001]",0.4666121318356644,0.467045438873277,0.00043330703761257366,True,results/runs/stage_B3_pv_M50_eps006_strip_minus_fixed_20260907/report.json,results/runs/stage_B3_pv_M50_eps006_strip_minus_fixed_20260907/coefficients.json,results/runs/stage_B3_pv_M50_eps006_strip_minus_fixed_20260907/source.json,results/runs/stage_B3_pv_M50_eps006_strip_minus_fixed_20260907/candidate.npz,results/runs/stage_B3_pv_M50_eps006_strip_minus_20260907/coefficients.json,
B3,chiral,0.006,boundary,"[4.56455787697327, 152.10297560698686]","[-0.13859824037138757, 0.010015204636454098]",0.8907027366957074,0.8911516731804973,0.00044893648478983034,True,results/runs/stage_B3_pv_M50_eps006_adaptive_003_20260907/report.json,results/runs/stage_B3_pv_M50_eps006_adaptive_003_20260907/coefficients.json,results/runs/stage_B3_pv_M50_eps006_adaptive_003_20260907/source.json,results/runs/stage_B3_pv_M50_eps006_adaptive_003_20260907/candidate.npz,,
B3,chiral,0.006,boundary,"[13.404868465770297, 163.89078793963432]","[0.14913065016869187, -0.008071555125728975]",0.6762232202722034,0.6766816948297205,0.0004584745575171301,True,results/runs/stage_B3_pv_M50_eps006_adaptive_004_20260907/report.json,results/runs/stage_B3_pv_M50_eps006_adaptive_004_20260907/coefficients.json,results/runs/stage_B3_pv_M50_eps006_adaptive_004_20260907/source.json,results/runs/stage_B3_pv_M50_eps006_adaptive_004_20260907/candidate.npz,,
B3,chiral,0.006,boundary,"[-4.289736835250434, -150.98336743324947]","[0.17093305261141412, -0.011967462497595293]",1.0736299753690797,1.0740859366499576,0.0004559612808778813,True,results/runs/stage_B3_pv_M50_eps006_adaptive_005_20260907/report.json,results/runs/stage_B3_pv_M50_eps006_adaptive_005_20260907/coefficients.json,results/runs/stage_B3_pv_M50_eps006_adaptive_005_20260907/source.json,results/runs/stage_B3_pv_M50_eps006_adaptive_005_20260907/candidate.npz,results/runs/stage_B3_pv_M50_eps006_adaptive_004_20260907/center_first_coefficients.json,
B3,chiral,0.006,boundary,"[16.22787558576858, 146.9918972743681]","[0.1737767874521636, -0.010332247664113345]",1.3012713992115823,1.3017420371039514,0.00047063789236911907,True,results/runs/stage_B3_pv_M50_eps006_adaptive_006_20260907/report.json,results/runs/stage_B3_pv_M50_eps006_adaptive_006_20260907/coefficients.json,results/runs/stage_B3_pv_M50_eps006_adaptive_006_20260907/source.json,results/runs/stage_B3_pv_M50_eps006_adaptive_006_20260907/candidate.npz,results/runs/stage_B3_pv_M50_eps006_adaptive_004_20260907/center_first_coefficients.json,
B3,chiral,0.006,boundary,"[-9.361196042984224, -165.4175721087343]","[0.07668919635023826, -0.007632191424933915]",0.5445959739681787,0.5450362296650855,0.0004402556969067551,True,results/runs/stage_B3_pv_M50_eps006_adaptive_007_20260907/report.json,results/runs/stage_B3_pv_M50_eps006_adaptive_007_20260907/coefficients.json,results/runs/stage_B3_pv_M50_eps006_adaptive_007_20260907/source.json,results/runs/stage_B3_pv_M50_eps006_adaptive_007_20260907/candidate.npz,results/runs/stage_B3_pv_M50_eps006_adaptive_005_20260907/center_first_coefficients.json,
B3,chiral,0.006,boundary,"[9.845955283445283, 165.99789412136786]","[-0.04575411328707343, 0.00490636605915466]",0.36395348015001344,0.3643847888841983,0.0004313087341848432,True,results/runs/stage_B3_pv_M50_eps006_adaptive_008_20260907/report.json,results/runs/stage_B3_pv_M50_eps006_adaptive_008_20260907/coefficients.json,results/runs/stage_B3_pv_M50_eps006_adaptive_008_20260907/source.json,results/runs/stage_B3_pv_M50_eps006_adaptive_008_20260907/candidate.npz,results/runs/stage_B3_pv_M50_eps006_adaptive_004_20260907/center_first_coefficients.json,
B3,chiral,0.006,boundary,"[-14.365239784144485, -160.5458552413161]","[-0.08406157954009465, 0.0038458114064502317]",0.5901356653820322,0.5905755860870952,0.00043992070506293507,True,results/runs/stage_B3_pv_M50_eps006_adaptive_009_20260907/report.json,results/runs/stage_B3_pv_M50_eps006_adaptive_009_20260907/coefficients.json,results/runs/stage_B3_pv_M50_eps006_adaptive_009_20260907/source.json,results/runs/stage_B3_pv_M50_eps006_adaptive_009_20260907/candidate.npz,results/runs/stage_B3_pv_M50_eps006_adaptive_007_20260907/center_first_coefficients.json,
B3,chiral,0.006,boundary,"[2.095048434146536, -115.75787525348726]","[0.17951537964354433, -0.012077498679964981]",1.7741590005969714,1.774632280619323,0.00047328002235169647,True,results/runs/stage_B3_pv_M50_eps006_adaptive_010_20260907/report.json,results/runs/stage_B3_pv_M50_eps006_adaptive_010_20260907/coefficients.json,results/runs/stage_B3_pv_M50_eps006_adaptive_010_20260907/source.json,results/runs/stage_B3_pv_M50_eps006_adaptive_010_20260907/candidate.npz,results/runs/stage_B3_pv_M50_eps006_adaptive_005_20260907/center_first_coefficients.json,
B3,chiral,0.006,boundary,"[17.588051241702665, 107.87704037004175]","[0.18031267086622216, -0.011169085627529565]",1.966460593585922,1.96693605623035,0.00047546264442788205,True,results/runs/stage_B3_pv_M50_eps006_adaptive_011_20260907/report.json,results/runs/stage_B3_pv_M50_eps006_adaptive_011_20260907/coefficients.json,results/runs/stage_B3_pv_M50_eps006_adaptive_011_20260907/source.json,results/runs/stage_B3_pv_M50_eps006_adaptive_011_20260907/candidate.npz,results/runs/stage_B3_pv_M50_eps006_adaptive_006_20260907/center_first_coefficients.json,
B3,chiral,0.006,boundary,"[11.804681075312438, 166.4415820085377]","[0.11621530236127006, -0.005597363343775736]",0.4402505704311654,0.44068179490649184,0.00043122447532645275,True,results/runs/stage_B3_pv_M50_eps006_adaptive_012_20260907/report.json,results/runs/stage_B3_pv_M50_eps006_adaptive_012_20260907/coefficients.json,results/runs/stage_B3_pv_M50_eps006_adaptive_012_20260907/source.json,results/runs/stage_B3_pv_M50_eps006_adaptive_012_20260907/candidate.npz,results/runs/stage_B3_pv_M50_eps006_adaptive_004_20260907/center_first_coefficients.json,
B3,chiral,0.006,boundary,"[-12.711405487707308, -165.3890868058425]","[-0.036233468389964905, -0.0001025938560099874]",0.47754621308825096,0.4779804416680641,0.00043422857981312296,True,results/runs/stage_B3_pv_M50_eps006_parallel_001_20260907/report.json,results/runs/stage_B3_pv_M50_eps006_parallel_001_20260907/coefficients.json,results/runs/stage_B3_pv_M50_eps006_parallel_001_20260907/source.json,results/runs/stage_B3_pv_M50_eps006_parallel_001_20260907/candidate.npz,results/runs/stage_B3_pv_M50_eps006_adaptive_009_20260907/center_first_coefficients.json,
B3,chiral,0.006,boundary,"[10.495438312788595, 166.5027444440175]","[0.007407849035246707, 0.0016558196224913065]",0.3534471340289418,0.3538865955461156,0.0004394615171738337,True,results/runs/stage_B3_pv_M50_eps006_adaptive_013_20260907/report.json,results/runs/stage_B3_pv_M50_eps006_adaptive_013_20260907/coefficients.json,results/runs/stage_B3_pv_M50_eps006_adaptive_013_20260907/source.json,results/runs/stage_B3_pv_M50_eps006_adaptive_013_20260907/candidate.npz,results/runs/stage_B3_pv_M50_eps006_adaptive_008_20260907/center_first_coefficients.json,
B3,chiral,0.006,boundary,"[-6.383062353880715, -158.60438021265085]","[0.15002760352710984, -0.011195133925800016]",0.8179617295822956,0.8184113269383224,0.00044959735602678746,True,results/runs/stage_B3_pv_M50_eps006_adaptive_014_20260907/report.json,results/runs/stage_B3_pv_M50_eps006_adaptive_014_20260907/coefficients.json,results/runs/stage_B3_pv_M50_eps006_adaptive_014_20260907/source.json,results/runs/stage_B3_pv_M50_eps006_adaptive_014_20260907/candidate.npz,results/runs/stage_B3_pv_M50_eps006_adaptive_005_20260907/center_first_coefficients.json,
B3,chiral,0.006,boundary,"[14.617626774388224, 159.36180180326105]","[0.16323133185061317, -0.009285497316248649]",0.9063011039218426,0.906765560396647,0.00046445647480442004,True,results/runs/stage_B3_pv_M50_eps006_parallel_002_20260907/report.json,results/runs/stage_B3_pv_M50_eps006_parallel_002_20260907/coefficients.json,results/runs/stage_B3_pv_M50_eps006_parallel_002_20260907/source.json,results/runs/stage_B3_pv_M50_eps006_parallel_002_20260907/candidate.npz,results/runs/stage_B3_pv_M50_eps006_adaptive_004_20260907/center_first_coefficients.json,
B3,chiral,0.006,boundary,"[-10.296419651640324, -166.3827327935302]","[0.04823337667524613, -0.005943258577214032]",0.49222451631148445,0.49265868793365103,0.0004341716221665793,True,results/runs/stage_B3_pv_M50_eps006_adaptive_015_20260907/report.json,results/runs/stage_B3_pv_M50_eps006_adaptive_015_20260907/coefficients.json,results/runs/stage_B3_pv_M50_eps006_adaptive_015_20260907/source.json,results/runs/stage_B3_pv_M50_eps006_adaptive_015_20260907/candidate.npz,results/runs/stage_B3_pv_M50_eps006_adaptive_007_20260907/center_first_coefficients.json,
B3,chiral,0.006,boundary,"[-8.418235670524398, -163.83359755861244]","[0.10069766583350619, -0.008929527028375168]",0.6152598550974018,0.6157024798787669,0.0004426247813651419,True,results/runs/stage_B3_pv_M50_eps006_adaptive_016_20260907/report.json,results/runs/stage_B3_pv_M50_eps006_adaptive_016_20260907/coefficients.json,results/runs/stage_B3_pv_M50_eps006_adaptive_016_20260907/source.json,results/runs/stage_B3_pv_M50_eps006_adaptive_016_20260907/candidate.npz,results/runs/stage_B3_pv_M50_eps006_adaptive_007_20260907/center_first_coefficients.json,
B3,chiral,0.006,boundary,"[16.830483703417656, 63.11455827701259]","[0.1819742968796622, -0.011496617848823177]",2.3371114808659468,2.3375916518282027,0.00048017096225594363,True,results/runs/stage_B3_pv_M50_eps006_parallel_003_20260907/report.json,results/runs/stage_B3_pv_M50_eps006_parallel_003_20260907/coefficients.json,results/runs/stage_B3_pv_M50_eps006_parallel_003_20260907/source.json,results/runs/stage_B3_pv_M50_eps006_parallel_003_20260907/candidate.npz,results/runs/stage_B3_pv_M50_eps006_adaptive_011_20260907/center_first_coefficients.json,
B3,chiral,0.006,boundary,"[7.58066017358492, -71.23889314244877]","[0.18176769129215187, -0.011969986736500763]",2.230647704261,2.2311266144695607,0.00047891020856072336,True,results/runs/stage_B3_pv_M50_eps006_adaptive_017_20260907/report.json,results/runs/stage_B3_pv_M50_eps006_adaptive_017_20260907/coefficients.json,results/runs/stage_B3_pv_M50_eps006_adaptive_017_20260907/source.json,results/runs/stage_B3_pv_M50_eps006_adaptive_017_20260907/candidate.npz,results/runs/stage_B3_pv_M50_eps006_adaptive_010_20260907/center_first_coefficients.json,
B3,chiral,0.006,boundary,"[12.460986241717242, 165.7744153712398]","[0.13431836347165688, -0.00691354813386132]",0.5276498791985055,0.5280913260256227,0.0004414468271172201,True,results/runs/stage_B3_pv_M50_eps006_parallel_004_20260907/report.json,results/runs/stage_B3_pv_M50_eps006_parallel_004_20260907/coefficients.json,results/runs/stage_B3_pv_M50_eps006_parallel_004_20260907/source.json,results/runs/stage_B3_pv_M50_eps006_parallel_004_20260907/candidate.npz,results/runs/stage_B3_pv_M50_eps006_adaptive_012_20260907/center_first_coefficients.json,
B3,chiral,0.006,boundary,"[-11.95033904635078, -166.33390298081986]","[-0.008114194921189753, -0.002195928750717041]",0.46222478017095625,0.4626593070280807,0.0004345268571244732,True,results/runs/stage_B3_pv_M50_eps006_parallel_005_20260907/report.json,results/runs/stage_B3_pv_M50_eps006_parallel_005_20260907/coefficients.json,results/runs/stage_B3_pv_M50_eps006_parallel_005_20260907/source.json,results/runs/stage_B3_pv_M50_eps006_parallel_005_20260907/candidate.npz,results/runs/stage_B3_pv_M50_eps006_adaptive_015_20260907/center_first_coefficients.json,
B3,chiral,0.006,boundary,"[-1.7850931304584048, -139.22923077186195]","[0.17596381450790846, -0.012076556233054883]",1.3672978382140413,1.367760053836751,0.0004622156227096497,True,results/runs/stage_B3_pv_M50_eps006_adaptive_018_20260907/report.json,results/runs/stage_B3_pv_M50_eps006_adaptive_018_20260907/coefficients.json,results/runs/stage_B3_pv_M50_eps006_adaptive_018_20260907/source.json,results/runs/stage_B3_pv_M50_eps006_adaptive_018_20260907/candidate.npz,results/runs/stage_B3_pv_M50_eps006_adaptive_005_20260907/center_first_coefficients.json,
B3,chiral,0.006,boundary,"[-1.7850931304578233, -139.22923077185888]","[0.1759638145158707, -0.012076556233120053]",1.3672978382089669,1.3677600617982637,0.00046222358929681745,True,results/runs/stage_B3_pv_M50_eps006_parallel_006_20260907/report.json,results/runs/stage_B3_pv_M50_eps006_parallel_006_20260907/coefficients.json,results/runs/stage_B3_pv_M50_eps006_parallel_006_20260907/source.json,results/runs/stage_B3_pv_M50_eps006_parallel_006_20260907/candidate.npz,results/runs/stage_B3_pv_M50_eps006_adaptive_005_20260907/center_first_coefficients.json,
B3,chiral,0.006,boundary,"[17.07194579753484, 133.33554673871143]","[0.17755188658541282, -0.010777270002862343]",1.5941629958538561,1.5946385106875687,0.0004755148337125537,True,results/runs/stage_B3_pv_M50_eps006_parallel_007_20260907/report.json,results/runs/stage_B3_pv_M50_eps006_parallel_007_20260907/coefficients.json,results/runs/stage_B3_pv_M50_eps006_parallel_007_20260907/source.json,results/runs/stage_B3_pv_M50_eps006_parallel_007_20260907/candidate.npz,results/runs/stage_B3_pv_M50_eps006_adaptive_006_20260907/center_first_coefficients.json,
B3,chiral,0.004,boundary,"[1.0, 0.0]","[0.14749075580901577, -0.009526834695232142]",0.14749075580901572,0.14753913953107473,4.838372205900888e-05,True,results/runs/stage_B3_pv_M50_eps004_x_20260907/report.json,results/runs/stage_B3_pv_M50_eps004_x_20260907/coefficients.json,results/runs/stage_B3_pv_M50_eps004_x_20260907/source.json,results/runs/stage_B3_pv_M50_eps004_x_20260907/candidate.npz,,
B3,chiral,0.004,boundary,"[16.666666666666668, 250.0]","[0.04159757586887575, -0.0012300204247619412]",0.38578782495744374,0.38622154186286506,0.00043371690542132196,True,results/runs/stage_B3_pv_M50_eps004_strip_plus_20260907/report.json,results/runs/stage_B3_pv_M50_eps004_strip_plus_20260907/coefficients.json,results/runs/stage_B3_pv_M50_eps004_strip_plus_20260907/source.json,results/runs/stage_B3_pv_M50_eps004_strip_plus_20260907/candidate.npz,,
B3,chiral,0.004,boundary,"[-16.666666666666668, -250.0]","[0.01327943154493833, -0.0027978295814366267]",0.47813353627685107,0.4785758257703116,0.00044228949346053486,True,results/runs/stage_B3_pv_M50_eps004_strip_minus_20260907/report.json,results/runs/stage_B3_pv_M50_eps004_strip_minus_20260907/coefficients.json,results/runs/stage_B3_pv_M50_eps004_strip_minus_20260907/source.json,results/runs/stage_B3_pv_M50_eps004_strip_minus_20260907/candidate.npz,,
B3,chiral,0.004,boundary,"[-11.995818443395432, -239.25894715384356]","[0.017440272914168095, -0.003067651947037675]",0.5247528276010448,894898.5104703961,894897.9857175687,False,results/runs/stage_B3_pv_M50_eps004_adaptive_001_20260907/report.json,results/runs/stage_B3_pv_M50_eps004_adaptive_001_20260907/coefficients.json,results/runs/stage_B3_pv_M50_eps004_adaptive_001_20260907/source.json,results/runs/stage_B3_pv_M50_eps004_adaptive_001_20260907/candidate.npz,results/runs/stage_B3_pv_M50_eps004_strip_minus_20260907/coefficients.json,
B3,chiral,0.004,boundary,"[-11.854459867405483, -238.68007615121584]","[0.09736197588333742, -0.007763705883383936]",0.6988682757413962,0.6993207100996294,0.00045243435823316697,True,results/runs/stage_B3_pv_M50_eps004_adaptive_002_20260907/report.json,results/runs/stage_B3_pv_M50_eps004_adaptive_002_20260907/coefficients.json,results/runs/stage_B3_pv_M50_eps004_adaptive_002_20260907/source.json,results/runs/stage_B3_pv_M50_eps004_adaptive_002_20260907/candidate.npz,,
B3,chiral,0.004,boundary,"[6.112945172013477, 206.73128303891585]","[-0.11424054800168833, 0.008156971726667869]",0.9879550244111147,0.9884084438994291,0.0004534194883143439,True,results/runs/stage_B3_pv_M50_eps004_adaptive_003_20260907/report.json,results/runs/stage_B3_pv_M50_eps004_adaptive_003_20260907/coefficients.json,results/runs/stage_B3_pv_M50_eps004_adaptive_003_20260907/source.json,results/runs/stage_B3_pv_M50_eps004_adaptive_003_20260907/candidate.npz,,
B3,chiral,0.004,boundary,"[19.153335948658338, 244.45619534764944]","[0.11993830783424368, -0.006698825812741656]",0.6596492315834183,0.6601084956131283,0.00045926402971008257,True,results/runs/stage_B3_pv_M50_eps004_adaptive_004_20260907/report.json,results/runs/stage_B3_pv_M50_eps004_adaptive_004_20260907/coefficients.json,results/runs/stage_B3_pv_M50_eps004_adaptive_004_20260907/source.json,results/runs/stage_B3_pv_M50_eps004_adaptive_004_20260907/candidate.npz,,
B3,chiral,0.004,boundary,"[-7.615096616582247, -216.51027414456104]","[0.13725319010093484, -0.009534208796257734]",1.019057856676498,1.019517533158287,0.0004596764817890176,True,results/runs/stage_B3_pv_M50_eps004_adaptive_005_20260907/report.json,results/runs/stage_B3_pv_M50_eps004_adaptive_005_20260907/coefficients.json,results/runs/stage_B3_pv_M50_eps004_adaptive_005_20260907/source.json,results/runs/stage_B3_pv_M50_eps004_adaptive_005_20260907/candidate.npz,results/runs/stage_B3_pv_M50_eps004_adaptive_004_20260907/center_first_coefficients.json,
B3,chiral,0.004,boundary,"[21.421974384960382, 208.70791404259566]","[0.14015569654543483, -0.008458775459146252]",1.2369983598694712,1.2374741444333506,0.0004757845638794223,True,results/runs/stage_B3_pv_M50_eps004_adaptive_006_20260907/report.json,results/runs/stage_B3_pv_M50_eps004_adaptive_006_20260907/coefficients.json,results/runs/stage_B3_pv_M50_eps004_adaptive_006_20260907/source.json,results/runs/stage_B3_pv_M50_eps004_adaptive_006_20260907/candidate.npz,results/runs/stage_B3_pv_M50_eps004_adaptive_004_20260907/center_first_coefficients.json,
B3,chiral,0.004,boundary,"[-14.537586400359826, -247.413824016293]","[0.05962962215584642, -0.005714373051452651]",0.5469441044041256,0.5473921883865831,0.0004480839824575478,True,results/runs/stage_B3_pv_M50_eps004_adaptive_007_20260907/report.json,results/runs/stage_B3_pv_M50_eps004_adaptive_007_20260907/coefficients.json,results/runs/stage_B3_pv_M50_eps004_adaptive_007_20260907/source.json,results/runs/stage_B3_pv_M50_eps004_adaptive_007_20260907/candidate.npz,results/runs/stage_B3_pv_M50_eps004_adaptive_005_20260907/center_first_coefficients.json,
B3,chiral,0.004,boundary,"[14.955325262047252, 248.2807903867799]","[-0.045265544482564965, 0.004287376058430472]",0.3875121755720471,0.3879508082578167,0.0004386326857696022,True,results/runs/stage_B3_pv_M50_eps004_adaptive_008_20260907/report.json,results/runs/stage_B3_pv_M50_eps004_adaptive_008_20260907/coefficients.json,results/runs/stage_B3_pv_M50_eps004_adaptive_008_20260907/source.json,results/runs/stage_B3_pv_M50_eps004_adaptive_008_20260907/candidate.npz,results/runs/stage_B3_pv_M50_eps004_adaptive_004_20260907/center_first_coefficients.json,
B3,chiral,0.004,boundary,"[-20.25396073887385, -235.767366884929]","[-0.06924385934958986, 0.0033999446307116992]",0.6008664155372463,0.6013135674720186,0.00044715193477229414,True,results/runs/stage_B3_pv_M50_eps004_adaptive_009_20260907/report.json,results/runs/stage_B3_pv_M50_eps004_adaptive_009_20260907/coefficients.json,results/runs/stage_B3_pv_M50_eps004_adaptive_009_20260907/source.json,results/runs/stage_B3_pv_M50_eps004_adaptive_009_20260907/candidate.npz,results/runs/stage_B3_pv_M50_eps004_adaptive_007_20260907/center_first_coefficients.json,
B3,chiral,0.004,boundary,"[0.11330634838594461, -157.30475928097772]","[0.1449228665446944, -0.009712832805638425]",1.5442955072331384,1.5447666882033153,0.0004711809701769543,True,results/runs/stage_B3_pv_M50_eps004_adaptive_010_20260907/report.json,results/runs/stage_B3_pv_M50_eps004_adaptive_010_20260907/coefficients.json,results/runs/stage_B3_pv_M50_eps004_adaptive_010_20260907/source.json,results/runs/stage_B3_pv_M50_eps004_adaptive_010_20260907/candidate.npz,results/runs/stage_B3_pv_M50_eps004_adaptive_005_20260907/center_first_coefficients.json,
B3,chiral,0.004,boundary,"[20.69533220632011, 142.12834184100043]","[0.14563130478412797, -0.009100296646506049]",1.7204781595182617,1.7209608753173469,0.0004827157990852094,True,results/runs/stage_B3_pv_M50_eps004_adaptive_011_20260907/report.json,results/runs/stage_B3_pv_M50_eps004_adaptive_011_20260907/coefficients.json,results/runs/stage_B3_pv_M50_eps004_adaptive_011_20260907/source.json,results/runs/stage_B3_pv_M50_eps004_adaptive_011_20260907/candidate.npz,results/runs/stage_B3_pv_M50_eps004_adaptive_006_20260907/center_first_coefficients.json,
B3,chiral,0.004,boundary,"[-10.27196390598828, -231.43769469663943]","[0.11802862193272153, -0.008736179360374888]",0.8094954672550737,0.8099546297104725,0.00045916245539878725,True,results/runs/stage_B3_pv_M50_eps004_parallel_001_20260907/report.json,results/runs/stage_B3_pv_M50_eps004_parallel_001_20260907/coefficients.json,results/runs/stage_B3_pv_M50_eps004_parallel_001_20260907/source.json,results/runs/stage_B3_pv_M50_eps004_parallel_001_20260907/candidate.npz,results/runs/stage_B3_pv_M50_eps004_adaptive_005_20260907/center_first_coefficients.json,
B3,chiral,0.004,boundary,"[17.423126261789015, 249.58658566890583]","[0.0908397960682702, -0.004575035677530646]",0.4408457024243335,0.44128212586220195,0.00043642343786842735,True,results/runs/stage_B3_pv_M50_eps004_adaptive_012_20260907/report.json,results/runs/stage_B3_pv_M50_eps004_adaptive_012_20260907/coefficients.json,results/runs/stage_B3_pv_M50_eps004_adaptive_012_20260907/source.json,results/runs/stage_B3_pv_M50_eps004_adaptive_012_20260907/candidate.npz,results/runs/stage_B3_pv_M50_eps004_adaptive_004_20260907/center_first_coefficients.json,
B3,chiral,0.004,boundary,"[15.853193406171982, 249.58471826157452]","[-0.0023748001431779615, 0.0016329711088480638]",0.3699164681603297,0.37035825375820464,0.00044178559787494415,True,results/runs/stage_B3_pv_M50_eps004_adaptive_013_20260907/report.json,results/runs/stage_B3_pv_M50_eps004_adaptive_013_20260907/coefficients.json,results/runs/stage_B3_pv_M50_eps004_adaptive_013_20260907/source.json,results/runs/stage_B3_pv_M50_eps004_adaptive_013_20260907/candidate.npz,results/runs/stage_B3_pv_M50_eps004_adaptive_008_20260907/center_first_coefficients.json,
B3,chiral,0.004,boundary,"[-18.55526318741049, -247.0631115663754]","[-0.0303940202605935, 0.0002956534146272278]",0.4909239926957724,0.491372699188931,0.0004487064931585905,True,results/runs/stage_B3_pv_M50_eps004_parallel_002_20260907/report.json,results/runs/stage_B3_pv_M50_eps004_parallel_002_20260907/coefficients.json,results/runs/stage_B3_pv_M50_eps004_parallel_002_20260907/source.json,results/runs/stage_B3_pv_M50_eps004_parallel_002_20260907/candidate.npz,results/runs/stage_B3_pv_M50_eps004_adaptive_009_20260907/center_first_coefficients.json,
B3,chiral,0.004,boundary,"[20.38615051767818, 234.18552353627894]","[0.131321665310039, -0.00763385722148698]",0.8894043852274797,0.8898739708806646,0.0004695856531848897,True,results/runs/stage_B3_pv_M50_eps004_adaptive_014_20260907/report.json,results/runs/stage_B3_pv_M50_eps004_adaptive_014_20260907/coefficients.json,results/runs/stage_B3_pv_M50_eps004_adaptive_014_20260907/source.json,results/runs/stage_B3_pv_M50_eps004_adaptive_014_20260907/candidate.npz,results/runs/stage_B3_pv_M50_eps004_adaptive_004_20260907/center_first_coefficients.json,
B3,chiral,0.004,boundary,"[-15.643000605472563, -249.35306354386145]","[0.03847186523862888, -0.0044277109550314355]",0.5022478799022745,0.5026900835158712,0.0004422036135967034,True,results/runs/stage_B3_pv_M50_eps004_parallel_003_20260907/report.json,results/runs/stage_B3_pv_M50_eps004_parallel_003_20260907/coefficients.json,results/runs/stage_B3_pv_M50_eps004_parallel_003_20260907/source.json,results/runs/stage_B3_pv_M50_eps004_parallel_003_20260907/candidate.npz,results/runs/stage_B3_pv_M50_eps004_adaptive_007_20260907/center_first_coefficients.json,
B3,chiral,0.004,boundary,"[-13.242764541372251, -243.8260238743326]","[0.0786315327535764, -0.006789710030911717]",0.6142091263140633,0.6146599343027658,0.0004508079887024508,True,results/runs/stage_B3_pv_M50_eps004_adaptive_015_20260907/report.json,results/runs/stage_B3_pv_M50_eps004_adaptive_015_20260907/coefficients.json,results/runs/stage_B3_pv_M50_eps004_adaptive_015_20260907/source.json,results/runs/stage_B3_pv_M50_eps004_adaptive_015_20260907/candidate.npz,results/runs/stage_B3_pv_M50_eps004_adaptive_007_20260907/center_first_coefficients.json,
B3,chiral,0.004,boundary,"[6.611633370526739, -91.28018728103618]","[0.14685220885861863, -0.009665699726896087]",1.8532198458985398,1.8536979131117377,0.00047806721319787476,True,results/runs/stage_B3_pv_M50_eps004_adaptive_016_20260907/report.json,results/runs/stage_B3_pv_M50_eps004_adaptive_016_20260907/coefficients.json,results/runs/stage_B3_pv_M50_eps004_adaptive_016_20260907/source.json,results/runs/stage_B3_pv_M50_eps004_adaptive_016_20260907/candidate.npz,results/runs/stage_B3_pv_M50_eps004_adaptive_010_20260907/center_first_coefficients.json,
B3,chiral,0.004,boundary,"[18.125348112530567, 248.33934698657484]","[0.10733849096342875, -0.005749148663122799]",0.5178076898572066,0.5182514725732007,0.00044378271599410107,True,results/runs/stage_B3_pv_M50_eps004_parallel_004_20260907/report.json,results/runs/stage_B3_pv_M50_eps004_parallel_004_20260907/coefficients.json,results/runs/stage_B3_pv_M50_eps004_parallel_004_20260907/source.json,results/runs/stage_B3_pv_M50_eps004_parallel_004_20260907/candidate.npz,results/runs/stage_B3_pv_M50_eps004_adaptive_012_20260907/center_first_coefficients.json,
B3,chiral,0.004,boundary,"[-17.65663507039803, -249.27442684381063]","[-0.00929309512757622, -0.001248826345028111]",0.4753852607264405,0.47583773831472764,0.00045247758828714796,True,results/runs/stage_B3_pv_M50_eps004_parallel_005_20260907/report.json,results/runs/stage_B3_pv_M50_eps004_parallel_005_20260907/coefficients.json,results/runs/stage_B3_pv_M50_eps004_parallel_005_20260907/source.json,results/runs/stage_B3_pv_M50_eps004_parallel_005_20260907/candidate.npz,results/runs/stage_B3_pv_M50_eps004_adaptive_007_20260907/center_first_coefficients.json,
B3,chiral,0.004,boundary,"[18.22905796793326, 79.4678004047869]","[0.1470373214188309, -0.009344149564710838]",1.937792843032586,1.9382743263361677,0.00048148330358177566,True,results/runs/stage_B3_pv_M50_eps004_adaptive_017_20260907/report.json,results/runs/stage_B3_pv_M50_eps004_adaptive_017_20260907/coefficients.json,results/runs/stage_B3_pv_M50_eps004_adaptive_017_20260907/source.json,results/runs/stage_B3_pv_M50_eps004_adaptive_017_20260907/candidate.npz,results/runs/stage_B3_pv_M50_eps004_adaptive_011_20260907/center_first_coefficients.json,
B3,chiral,0.004,boundary,"[-4.557376012633364, -195.68253769821013]","[0.14172568436701083, -0.009669105698722907]",1.2461779060900606,1.2466411861644104,0.0004632800743498145,True,results/runs/stage_B3_pv_M50_eps004_parallel_006_20260907/report.json,results/runs/stage_B3_pv_M50_eps004_parallel_006_20260907/coefficients.json,results/runs/stage_B3_pv_M50_eps004_parallel_006_20260907/source.json,results/runs/stage_B3_pv_M50_eps004_parallel_006_20260907/candidate.npz,results/runs/stage_B3_pv_M50_eps004_adaptive_005_20260907/center_first_coefficients.json,
B3,chiral,0.004,boundary,"[21.495769786086335, 183.4739311138785]","[0.1433065282233138, -0.008801666311357287]",1.465607821034325,1.4660868330801025,0.0004790120457773828,True,results/runs/stage_B3_pv_M50_eps004_adaptive_018_20260907/report.json,results/runs/stage_B3_pv_M50_eps004_adaptive_018_20260907/coefficients.json,results/runs/stage_B3_pv_M50_eps004_adaptive_018_20260907/source.json,results/runs/stage_B3_pv_M50_eps004_adaptive_018_20260907/candidate.npz,results/runs/stage_B3_pv_M50_eps004_adaptive_006_20260907/center_first_coefficients.json,
B3,chiral,0.002,boundary,"[1.0, 0.0]","[0.10588509849925654, -0.006854817981383333]",0.10588509849925651,0.10594017578424922,5.507728499271059e-05,True,results/runs/stage_B_pv_chiral_M50_barrier_20260907/report.json,results/runs/stage_B_pv_chiral_M50_barrier_20260907/coefficients.json,results/runs/stage_B_pv_chiral_M50_barrier_20260907/source.json,results/runs/stage_B_pv_chiral_M50_barrier_20260907/candidate.npz,results/runs/stage_B_FG_repaired_M50_v2_20260907/coefficients.json,
B3,chiral,0.002,boundary,"[33.333333333333336, 500.0]","[0.021181376400258713, -0.0005814023736492067]",0.41534469318402034,0.4210418356933367,0.005697142509316356,False,results/runs/stage_B3_pv_M50_eps002_strip_plus_20260907/report.json,results/runs/stage_B3_pv_M50_eps002_strip_plus_20260907/coefficients.json,results/runs/stage_B3_pv_M50_eps002_strip_plus_20260907/source.json,results/runs/stage_B3_pv_M50_eps002_strip_plus_20260907/candidate.npz,,
B3,chiral,0.002,boundary,"[-33.333333333333336, -500.0]","[0.008506019521505882, -0.0015912840265362794]",0.5121080292179434,0.5125616234325995,0.00045359421465607236,True,results/runs/stage_B3_pv_M50_eps002_strip_minus_20260907/report.json,results/runs/stage_B3_pv_M50_eps002_strip_minus_20260907/coefficients.json,results/runs/stage_B3_pv_M50_eps002_strip_minus_20260907/source.json,results/runs/stage_B3_pv_M50_eps002_strip_minus_20260907/candidate.npz,,
B3,chiral,0.002,boundary,"[-24.529879143665656, -453.8200112200296]","[0.01132027746287323, -0.0017748076960272332]",0.5277582104874311,1502292.1291383596,1502291.6013801494,False,results/runs/stage_B3_pv_M50_eps002_adaptive_001_20260907/report.json,results/runs/stage_B3_pv_M50_eps002_adaptive_001_20260907/coefficients.json,results/runs/stage_B3_pv_M50_eps002_adaptive_001_20260907/source.json,results/runs/stage_B3_pv_M50_eps002_adaptive_001_20260907/candidate.npz,results/runs/stage_B3_pv_M50_eps002_strip_minus_20260907/coefficients.json,
B3,chiral,0.002,boundary,"[-24.26537629746549, -451.70203169962093]","[0.06918945637586495, -0.005306803300247702]",0.7181856377747046,0.7182896773213411,0.00010403954663651406,True,results/runs/stage_B3_pv_M50_eps002_adaptive_002_20260907/report.json,results/runs/stage_B3_pv_M50_eps002_adaptive_002_20260907/coefficients.json,results/runs/stage_B3_pv_M50_eps002_adaptive_002_20260907/source.json,results/runs/stage_B3_pv_M50_eps002_adaptive_002_20260907/candidate.npz,,
B3,chiral,0.002,boundary,"[33.333333333333336, 500.0]","[0.020848394943177882, -0.0005532706138851372]",0.41831119116336074,0.4187591468223234,0.00044795565896266215,True,results/runs/stage_B3_pv_M50_eps002_strip_plus_fixed_20260907/report.json,results/runs/stage_B3_pv_M50_eps002_strip_plus_fixed_20260907/coefficients.json,results/runs/stage_B3_pv_M50_eps002_strip_plus_fixed_20260907/source.json,results/runs/stage_B3_pv_M50_eps002_strip_plus_fixed_20260907/candidate.npz,results/runs/stage_B3_pv_M50_eps002_strip_plus_20260907/coefficients.json,
B3,chiral,0.002,boundary,"[35.747037300180345, 482.39107581450594]","[0.08578963027560368, -0.005010840431032001]",0.6495404071703361,0.6499998162071249,0.0004594090367887605,True,results/runs/stage_B3_pv_M50_eps002_adaptive_003_20260907/report.json,results/runs/stage_B3_pv_M50_eps002_adaptive_003_20260907/coefficients.json,results/runs/stage_B3_pv_M50_eps002_adaptive_003_20260907/source.json,results/runs/stage_B3_pv_M50_eps002_adaptive_003_20260907/candidate.npz,,
B3,chiral,0.002,boundary,"[7.459280923435495, 281.0813203901366]","[-0.08389273138240552, 0.005896239336392741]",1.0315432871938583,1.032015178649459,0.0004718914556005594,True,results/runs/stage_B3_pv_M50_eps002_adaptive_004_20260907/report.json,results/runs/stage_B3_pv_M50_eps002_adaptive_004_20260907/coefficients.json,results/runs/stage_B3_pv_M50_eps002_adaptive_004_20260907/source.json,results/runs/stage_B3_pv_M50_eps002_adaptive_004_20260907/candidate.npz,results/runs/stage_B3_pv_M50_eps002_adaptive_003_20260907/center_first_coefficients.json,
B3,chiral,0.002,boundary,"[-15.697475482278831, -372.10819093514044]","[0.09859506582625586, -0.006747990058936726]",0.9632887447979376,0.9637573972240263,0.00046865242608873375,True,results/runs/stage_B3_pv_M50_eps002_adaptive_005_20260907/report.json,results/runs/stage_B3_pv_M50_eps002_adaptive_005_20260907/coefficients.json,results/runs/stage_B3_pv_M50_eps002_adaptive_005_20260907/source.json,results/runs/stage_B3_pv_M50_eps002_adaptive_005_20260907/candidate.npz,results/runs/stage_B3_pv_M50_eps002_adaptive_003_20260907/center_first_coefficients.json,
B3,chiral,0.002,boundary,"[33.76532502362154, 367.97086599249394]","[0.10064104983345665, -0.00620695784990215]",1.1141981031377535,1.11467648798726,0.0004783848495064636,True,results/runs/stage_B3_pv_M50_eps002_adaptive_006_20260907/report.json,results/runs/stage_B3_pv_M50_eps002_adaptive_006_20260907/coefficients.json,results/runs/stage_B3_pv_M50_eps002_adaptive_006_20260907/source.json,results/runs/stage_B3_pv_M50_eps002_adaptive_006_20260907/candidate.npz,results/runs/stage_B3_pv_M50_eps002_adaptive_003_20260907/center_first_coefficients.json,
B3,chiral,0.002,boundary,"[-29.8865537655592, -489.6694449124616]","[0.042423601382034375, -0.003762997203991565]",0.5747295084528725,0.5751900417274247,0.00046053327455219956,True,results/runs/stage_B3_pv_M50_eps002_adaptive_007_20260907/report.json,results/runs/stage_B3_pv_M50_eps002_adaptive_007_20260907/coefficients.json,results/runs/stage_B3_pv_M50_eps002_adaptive_007_20260907/source.json,results/runs/stage_B3_pv_M50_eps002_adaptive_007_20260907/candidate.npz,results/runs/stage_B3_pv_M50_eps002_adaptive_005_20260907/center_first_coefficients.json,
B3,chiral,0.002,boundary,"[-35.84822110897044, -442.3800356998631]","[-0.0520161794587322, 0.0028125004561183184]",0.6204934502970153,0.6209542321460805,0.0004607818490651728,True,results/runs/stage_B3_pv_M50_eps002_adaptive_008_20260907/report.json,results/runs/stage_B3_pv_M50_eps002_adaptive_008_20260907/coefficients.json,results/runs/stage_B3_pv_M50_eps002_adaptive_008_20260907/source.json,results/runs/stage_B3_pv_M50_eps002_adaptive_008_20260907/candidate.npz,results/runs/stage_B3_pv_M50_eps002_adaptive_007_20260907/center_first_coefficients.json,
B3,chiral,0.002,boundary,"[30.2652461326873, 491.51268745962557]","[-0.042657223100054355, 0.0035215104158714036]",0.43983569196191785,0.44028705312081046,0.0004513611588926048,True,results/runs/stage_B3_pv_M50_eps002_adaptive_009_20260907/report.json,results/runs/stage_B3_pv_M50_eps002_adaptive_009_20260907/coefficients.json,results/runs/stage_B3_pv_M50_eps002_adaptive_009_20260907/source.json,results/runs/stage_B3_pv_M50_eps002_adaptive_009_20260907/candidate.npz,results/runs/stage_B3_pv_M50_eps002_adaptive_003_20260907/center_first_coefficients.json,
B3,chiral,0.002,boundary,"[34.23056357801802, 498.6966387672824]","[0.0631585640892976, -0.0034124415080884142]",0.4601801334813787,0.46062485248438323,0.00044471900300452344,True,results/runs/stage_B3_pv_M50_eps002_adaptive_010_20260907/report.json,results/runs/stage_B3_pv_M50_eps002_adaptive_010_20260907/coefficients.json,results/runs/stage_B3_pv_M50_eps002_adaptive_010_20260907/source.json,results/runs/stage_B3_pv_M50_eps002_adaptive_010_20260907/candidate.npz,results/runs/stage_B3_pv_M50_eps002_adaptive_003_20260907/center_first_coefficients.json,
B3,chiral,0.002,boundary,"[-3.4029460696181233, -232.2200737768316]","[0.1040220336828363, -0.0069264117562378245]",1.2544704783675693,1.2549459798101574,0.00047550144258812216,True,results/runs/stage_B3_pv_M50_eps002_parallel_001_20260907/report.json,results/runs/stage_B3_pv_M50_eps002_parallel_001_20260907/coefficients.json,results/runs/stage_B3_pv_M50_eps002_parallel_001_20260907/source.json,results/runs/stage_B3_pv_M50_eps002_parallel_001_20260907/candidate.npz,results/runs/stage_B3_pv_M50_eps002_adaptive_005_20260907/center_first_coefficients.json,
B3,chiral,0.002,boundary,"[26.711935227255204, 216.21748504443843]","[0.10456192338788715, -0.006608513095370679]",1.3641752434101768,1.3646556076142442,0.00048036420406738506,True,results/runs/stage_B3_pv_M50_eps002_adaptive_011_20260907/report.json,results/runs/stage_B3_pv_M50_eps002_adaptive_011_20260907/coefficients.json,results/runs/stage_B3_pv_M50_eps002_adaptive_011_20260907/source.json,results/runs/stage_B3_pv_M50_eps002_adaptive_011_20260907/candidate.npz,results/runs/stage_B3_pv_M50_eps002_adaptive_006_20260907/center_first_coefficients.json,
B3,chiral,0.002,boundary,"[-20.571813636006155, -419.74207285729887]","[0.08432287539112945, -0.006083478440099566]",0.8188173728315938,0.8192852831651535,0.00046791033355964023,True,results/runs/stage_B3_pv_M50_eps002_adaptive_012_20260907/report.json,results/runs/stage_B3_pv_M50_eps002_adaptive_012_20260907/coefficients.json,results/runs/stage_B3_pv_M50_eps002_adaptive_012_20260907/source.json,results/runs/stage_B3_pv_M50_eps002_adaptive_012_20260907/candidate.npz,results/runs/stage_B3_pv_M50_eps002_adaptive_005_20260907/center_first_coefficients.json,
B3,chiral,0.002,boundary,"[35.89426463406911, 445.6759640744225]","[0.09414445149046227, -0.005654908428888711]",0.8589890898303804,0.8594603678016691,0.00047127797128876386,True,results/runs/stage_B3_pv_M50_eps002_parallel_002_20260907/report.json,results/runs/stage_B3_pv_M50_eps002_parallel_002_20260907/coefficients.json,results/runs/stage_B3_pv_M50_eps002_parallel_002_20260907/source.json,results/runs/stage_B3_pv_M50_eps002_parallel_002_20260907/candidate.npz,results/runs/stage_B3_pv_M50_eps002_adaptive_003_20260907/center_first_coefficients.json,
B3,chiral,0.002,boundary,"[31.947876299873784, 497.9088728390974]","[-0.010900162244432205, 0.0015236306706474247]",0.4103921948114625,0.41084399151871676,0.0004517967072542595,True,results/runs/stage_B3_pv_M50_eps002_adaptive_013_20260907/report.json,results/runs/stage_B3_pv_M50_eps002_adaptive_013_20260907/coefficients.json,results/runs/stage_B3_pv_M50_eps002_adaptive_013_20260907/source.json,results/runs/stage_B3_pv_M50_eps002_adaptive_013_20260907/candidate.npz,results/runs/stage_B3_pv_M50_eps002_adaptive_009_20260907/center_first_coefficients.json,
B3,chiral,0.002,boundary,"[-35.505574336238354, -487.96108059995515]","[-0.022167920481937286, 0.0005367212920167428]",0.5251856469177509,0.525642782819267,0.00045713590151608147,True,results/runs/stage_B3_pv_M50_eps002_adaptive_014_20260907/report.json,results/runs/stage_B3_pv_M50_eps002_adaptive_014_20260907/coefficients.json,results/runs/stage_B3_pv_M50_eps002_adaptive_014_20260907/source.json,results/runs/stage_B3_pv_M50_eps002_adaptive_014_20260907/candidate.npz,results/runs/stage_B3_pv_M50_eps002_adaptive_008_20260907/center_first_coefficients.json,
B3,chiral,0.002,boundary,"[-27.390310603609162, -474.8815823632746]","[0.056078111521364125, -0.004574942559383217]",0.6365590691869943,0.6370289783911265,0.00046990920413214626,True,results/runs/stage_B3_pv_M50_eps002_adaptive_015_20260907/report.json,results/runs/stage_B3_pv_M50_eps002_adaptive_015_20260907/coefficients.json,results/runs/stage_B3_pv_M50_eps002_adaptive_015_20260907/source.json,results/runs/stage_B3_pv_M50_eps002_adaptive_015_20260907/candidate.npz,results/runs/stage_B3_pv_M50_eps002_adaptive_007_20260907/center_first_coefficients.json,
B3,chiral,0.002,boundary,"[34.94756160393605, 494.8080034064202]","[0.07591083375216748, -0.004298756479815579]",0.5258394280520632,0.5262908647184248,0.00045143666636160434,True,results/runs/stage_B3_pv_M50_eps002_parallel_003_20260907/report.json,results/runs/stage_B3_pv_M50_eps002_parallel_003_20260907/coefficients.json,results/runs/stage_B3_pv_M50_eps002_parallel_003_20260907/source.json,results/runs/stage_B3_pv_M50_eps002_parallel_003_20260907/candidate.npz,results/runs/stage_B3_pv_M50_eps002_adaptive_010_20260907/center_first_coefficients.json,
B3,chiral,0.002,boundary,"[-31.80047709948139, -497.4880593861278]","[0.02620837897205813, -0.002747308338195242]",0.5333141383886143,0.5337701638092235,0.0004560254206091852,True,results/runs/stage_B3_pv_M50_eps002_adaptive_016_20260907/report.json,results/runs/stage_B3_pv_M50_eps002_adaptive_016_20260907/coefficients.json,results/runs/stage_B3_pv_M50_eps002_adaptive_016_20260907/source.json,results/runs/stage_B3_pv_M50_eps002_adaptive_016_20260907/candidate.npz,results/runs/stage_B3_pv_M50_eps002_adaptive_007_20260907/center_first_coefficients.json,
B3,chiral,0.002,boundary,"[33.76944547737177, 499.7221232963112]","[0.042283605006363606, -0.0019920549685306325]",0.4324199552520254,0.43286691944928357,0.00044696419725814845,True,results/runs/stage_B3_pv_M50_eps002_parallel_004_20260907/report.json,results/runs/stage_B3_pv_M50_eps002_parallel_004_20260907/coefficients.json,results/runs/stage_B3_pv_M50_eps002_parallel_004_20260907/source.json,results/runs/stage_B3_pv_M50_eps002_parallel_004_20260907/candidate.npz,results/runs/stage_B3_pv_M50_eps002_adaptive_010_20260907/center_first_coefficients.json,
B3,chiral,0.002,boundary,"[4.8270247072846955, -125.61231641171874]","[0.10542884856533873, -0.006922236948991772]",1.3784258747991112,1.378900485911508,0.0004746111123967723,True,results/runs/stage_B3_pv_M50_eps002_parallel_005_20260907/report.json,results/runs/stage_B3_pv_M50_eps002_parallel_005_20260907/coefficients.json,results/runs/stage_B3_pv_M50_eps002_parallel_005_20260907/source.json,results/runs/stage_B3_pv_M50_eps002_parallel_005_20260907/candidate.npz,results/runs/stage_B3_pv_M50_eps002_adaptive_005_20260907/center_first_coefficients.json,
B3,chiral,0.002,boundary,"[-34.51778148653248, -497.55343613981535]","[-0.007501162731009074, -0.0005031082908331506]",0.5092467548983558,0.5097008295007959,0.00045407460244006886,True,results/runs/stage_B3_pv_M50_eps002_adaptive_017_20260907/report.json,results/runs/stage_B3_pv_M50_eps002_adaptive_017_20260907/coefficients.json,results/runs/stage_B3_pv_M50_eps002_adaptive_017_20260907/source.json,results/runs/stage_B3_pv_M50_eps002_adaptive_017_20260907/candidate.npz,results/runs/stage_B3_pv_M50_eps002_adaptive_014_20260907/center_first_coefficients.json,
B3,chiral,0.002,boundary,"[-10.32553428042017, -314.0668623239127]","[0.10173342988390952, -0.0068678724159582155]",1.1065191227899165,1.1069893463407336,0.00047022355081716155,True,results/runs/stage_B3_pv_M50_eps002_parallel_006_20260907/report.json,results/runs/stage_B3_pv_M50_eps002_parallel_006_20260907/coefficients.json,results/runs/stage_B3_pv_M50_eps002_parallel_006_20260907/source.json,results/runs/stage_B3_pv_M50_eps002_parallel_006_20260907/candidate.npz,results/runs/stage_B3_pv_M50_eps002_adaptive_005_20260907/center_first_coefficients.json,
B3,chiral,0.002,boundary,"[32.67433148950436, 499.4762580133568]","[0.005419688501939745, 0.000466525354796016]",0.4101030371641021,0.4105522127718542,0.0004491756077520948,True,results/runs/stage_B3_pv_M50_eps002_parallel_007_20260907/report.json,results/runs/stage_B3_pv_M50_eps002_parallel_007_20260907/coefficients.json,results/runs/stage_B3_pv_M50_eps002_parallel_007_20260907/source.json,results/runs/stage_B3_pv_M50_eps002_parallel_007_20260907/candidate.npz,results/runs/stage_B3_pv_M50_eps002_adaptive_013_20260907/center_first_coefficients.json,
B3,chiral,0.001,boundary,"[1.0, 0.0]","[0.08027466037399904, -0.005216993976238207]",0.08027466037399901,0.0803218407640945,4.718039009549147e-05,True,results/runs/stage_B3_pv_M50_eps001_x_20260907/report.json,results/runs/stage_B3_pv_M50_eps001_x_20260907/coefficients.json,results/runs/stage_B3_pv_M50_eps001_x_20260907/source.json,results/runs/stage_B3_pv_M50_eps001_x_20260907/candidate.npz,,
B3,chiral,0.001,dual,"[66.66666666666667, 1000.0]","[0.011109518628814326, -0.0002637052268463777]",0.47692934840791057,0.4878145758685049,0.01088522746059434,False,results/runs/stage_B3_pv_M50_eps001_strip_plus_reverified_20260907/report.json,results/runs/stage_B3_pv_M50_eps001_strip_plus_reverified_20260907/coefficients.json,results/runs/stage_B3_pv_M50_eps001_strip_plus_reverified_20260907/source.json,results/runs/stage_B3_pv_M50_eps001_strip_plus_reverified_20260907/candidate.npz,results/runs/stage_B3_pv_M50_eps001_strip_plus_20260907/coefficients.json,results/runs/stage_B3_pv_M50_eps001_strip_plus_20260907/candidate.npz
B3,chiral,0.001,dual,"[-66.66666666666667, -1000.0]","[0.0061935941663044496, -0.0009924059301841105]",0.5794996524304804,0.5799798582807438,0.0004802058502634266,True,results/runs/stage_B3_pv_M50_eps001_strip_minus_reverified_20260907/report.json,results/runs/stage_B3_pv_M50_eps001_strip_minus_reverified_20260907/coefficients.json,results/runs/stage_B3_pv_M50_eps001_strip_minus_reverified_20260907/source.json,results/runs/stage_B3_pv_M50_eps001_strip_minus_reverified_20260907/candidate.npz,results/runs/stage_B3_pv_M50_eps001_strip_minus_20260907/coefficients.json,results/runs/stage_B3_pv_M50_eps001_strip_minus_20260907/candidate.npz
B3,chiral,0.001,boundary,"[-46.5681431967769, -816.6045213691485]","[0.008112747973137312, -0.001118248565981584]",0.5353712256627079,7040851.650732551,7040851.115361326,False,results/runs/stage_B3_pv_M50_eps001_adaptive_001_20260907/report.json,results/runs/stage_B3_pv_M50_eps001_adaptive_001_20260907/coefficients.json,results/runs/stage_B3_pv_M50_eps001_adaptive_001_20260907/source.json,results/runs/stage_B3_pv_M50_eps001_adaptive_001_20260907/candidate.npz,results/runs/stage_B3_pv_M50_eps001_strip_minus_reverified_20260907/coefficients.json,
B3,chiral,0.001,boundary,"[-46.01830291136559, -810.1915125580755]","[0.053132732984423295, -0.003932938180657881]",0.7413549323987172,0.7448908563941616,0.003535923995444446,False,results/runs/stage_B3_pv_M50_eps001_adaptive_002_20260907/report.json,results/runs/stage_B3_pv_M50_eps001_adaptive_002_20260907/coefficients.json,results/runs/stage_B3_pv_M50_eps001_adaptive_002_20260907/source.json,results/runs/stage_B3_pv_M50_eps001_adaptive_002_20260907/candidate.npz,,
B3,chiral,0.001,boundary,"[66.66666666666667, 1000.0]","[0.011116796060960901, -0.0002610610949761886]",0.4800586424212048,0.480518068488346,0.0004594260671412221,True,results/runs/stage_B3_pv_M50_eps001_strip_plus_fixed_20260907/report.json,results/runs/stage_B3_pv_M50_eps001_strip_plus_fixed_20260907/coefficients.json,results/runs/stage_B3_pv_M50_eps001_strip_plus_fixed_20260907/source.json,results/runs/stage_B3_pv_M50_eps001_strip_plus_fixed_20260907/candidate.npz,results/runs/stage_B3_pv_M50_eps001_strip_plus_reverified_20260907/coefficients.json,
B3,chiral,0.001,boundary,"[67.2910394740427, 939.0168690589857]","[0.06579193783145672, -0.003984305778146336]",0.6858775485217196,0.6863450743997888,0.00046752587806919715,True,results/runs/stage_B3_pv_M50_eps001_adaptive_003_20260907/report.json,results/runs/stage_B3_pv_M50_eps001_adaptive_003_20260907/coefficients.json,results/runs/stage_B3_pv_M50_eps001_adaptive_003_20260907/source.json,results/runs/stage_B3_pv_M50_eps001_adaptive_003_20260907/candidate.npz,,
B3,chiral,0.001,boundary,"[-27.247998961006953, -575.9587798726785]","[0.07502736088666889, -0.005080140815695497]",0.8816062543023241,0.8820787346714346,0.00047248036911051733,True,results/runs/stage_B3_pv_M50_eps001_adaptive_004_20260907/report.json,results/runs/stage_B3_pv_M50_eps001_adaptive_004_20260907/coefficients.json,results/runs/stage_B3_pv_M50_eps001_adaptive_004_20260907/source.json,results/runs/stage_B3_pv_M50_eps001_adaptive_004_20260907/candidate.npz,results/runs/stage_B3_pv_M50_eps001_adaptive_003_20260907/center_first_coefficients.json,
B3,chiral,0.001,boundary,"[7.072457519029576, 301.16731064823216]","[-0.06473693327277316, 0.004493104749586086]",0.8953270634096995,0.8958024269664308,0.00047536355673127867,True,results/runs/stage_B3_pv_M50_eps001_adaptive_005_20260907/report.json,results/runs/stage_B3_pv_M50_eps001_adaptive_005_20260907/coefficients.json,results/runs/stage_B3_pv_M50_eps001_adaptive_005_20260907/source.json,results/runs/stage_B3_pv_M50_eps001_adaptive_005_20260907/candidate.npz,results/runs/stage_B3_pv_M50_eps001_adaptive_003_20260907/center_first_coefficients.json,
B3,chiral,0.001,boundary,"[50.59916774587007, 594.4842406062986]","[0.07640152592203625, -0.004797383064558689]",1.0138849981378626,1.0143629212355778,0.00047792309771521607,True,results/runs/stage_B3_pv_M50_eps001_adaptive_006_20260907/report.json,results/runs/stage_B3_pv_M50_eps001_adaptive_006_20260907/coefficients.json,results/runs/stage_B3_pv_M50_eps001_adaptive_006_20260907/source.json,results/runs/stage_B3_pv_M50_eps001_adaptive_006_20260907/candidate.npz,results/runs/stage_B3_pv_M50_eps001_adaptive_003_20260907/center_first_coefficients.json,
B3,chiral,0.001,boundary,"[-59.81832993441934, -956.7734584324421]","[0.03350669671187265, -0.0027566149222557263]",0.6331413538097672,0.6336126426639271,0.00047128885415992366,True,results/runs/stage_B3_pv_M50_eps001_adaptive_007_20260907/report.json,results/runs/stage_B3_pv_M50_eps001_adaptive_007_20260907/coefficients.json,results/runs/stage_B3_pv_M50_eps001_adaptive_007_20260907/source.json,results/runs/stage_B3_pv_M50_eps001_adaptive_007_20260907/candidate.npz,results/runs/stage_B3_pv_M50_eps001_adaptive_004_20260907/center_first_coefficients.json,
B3,chiral,0.001,boundary,"[67.72585314361214, 994.541303958012]","[0.04287018369079338, -0.0024016955879339187]",0.5148343031483446,0.5152906097435659,0.00045630659522133415,True,results/runs/stage_B3_pv_M50_eps001_adaptive_008_20260907/report.json,results/runs/stage_B3_pv_M50_eps001_adaptive_008_20260907/coefficients.json,results/runs/stage_B3_pv_M50_eps001_adaptive_008_20260907/source.json,results/runs/stage_B3_pv_M50_eps001_adaptive_008_20260907/candidate.npz,results/runs/stage_B3_pv_M50_eps001_adaptive_003_20260907/center_first_coefficients.json,
B3,chiral,0.001,boundary,"[-60.91136354434623, -787.6158475394454]","[-0.04215712491904188, 0.002453429678508254]",0.63548786631147,0.6359575824178876,0.0004697161064175504,True,results/runs/stage_B3_pv_M50_eps001_adaptive_009_20260907/report.json,results/runs/stage_B3_pv_M50_eps001_adaptive_009_20260907/coefficients.json,results/runs/stage_B3_pv_M50_eps001_adaptive_009_20260907/source.json,results/runs/stage_B3_pv_M50_eps001_adaptive_009_20260907/candidate.npz,results/runs/stage_B3_pv_M50_eps001_adaptive_007_20260907/center_first_coefficients.json,
B3,chiral,0.001,boundary,"[60.15262274116748, 959.7479165228491]","[-0.03865357296214051, 0.002959382492945702]",0.5151473898090029,0.5156105085285961,0.0004631187195932585,True,results/runs/stage_B3_pv_M50_eps001_adaptive_010_20260907/report.json,results/runs/stage_B3_pv_M50_eps001_adaptive_010_20260907/coefficients.json,results/runs/stage_B3_pv_M50_eps001_adaptive_010_20260907/source.json,results/runs/stage_B3_pv_M50_eps001_adaptive_010_20260907/candidate.npz,results/runs/stage_B3_pv_M50_eps001_adaptive_008_20260907/center_first_coefficients.json,
B3,chiral,0.001,boundary,"[-36.20227314374437, -690.9287648835924]","[0.06418483087537345, -0.004535747000795588]",0.8102412940488474,0.8107145374672597,0.00047324341841237244,True,results/runs/stage_B3_pv_M50_eps001_adaptive_011_20260907/report.json,results/runs/stage_B3_pv_M50_eps001_adaptive_011_20260907/coefficients.json,results/runs/stage_B3_pv_M50_eps001_adaptive_011_20260907/source.json,results/runs/stage_B3_pv_M50_eps001_adaptive_011_20260907/candidate.npz,results/runs/stage_B3_pv_M50_eps001_adaptive_004_20260907/center_first_coefficients.json,
B3,chiral,0.001,boundary,"[-8.307674204159428, -318.5374339877719]","[0.07892341122426069, -0.0052356052481664014]",1.0120662735917796,1.012543181879726,0.0004769082879463316,True,results/runs/stage_B3_pv_M50_eps001_adaptive_012_20260907/report.json,results/runs/stage_B3_pv_M50_eps001_adaptive_012_20260907/coefficients.json,results/runs/stage_B3_pv_M50_eps001_adaptive_012_20260907/source.json,results/runs/stage_B3_pv_M50_eps001_adaptive_012_20260907/candidate.npz,results/runs/stage_B3_pv_M50_eps001_adaptive_004_20260907/center_first_coefficients.json,
B3,chiral,0.001,boundary,"[33.69854403669852, 311.0476592877716]","[0.07932039592791039, -0.005067827119101011]",1.0966460921135894,1.097125785064762,0.0004796929511725612,True,results/runs/stage_B3_pv_M50_eps001_adaptive_013_20260907/report.json,results/runs/stage_B3_pv_M50_eps001_adaptive_013_20260907/coefficients.json,results/runs/stage_B3_pv_M50_eps001_adaptive_013_20260907/source.json,results/runs/stage_B3_pv_M50_eps001_adaptive_013_20260907/candidate.npz,results/runs/stage_B3_pv_M50_eps001_adaptive_006_20260907/center_first_coefficients.json,
B3,chiral,0.001,boundary,"[-67.52868081901748, -947.5380277132152]","[-0.019535777728107696, 0.0007783522121784638]",0.5817069787588551,0.5821741342213107,0.00046715546245557077,True,results/runs/stage_B3_pv_M50_eps001_parallel_001_20260907/report.json,results/runs/stage_B3_pv_M50_eps001_parallel_001_20260907/coefficients.json,results/runs/stage_B3_pv_M50_eps001_parallel_001_20260907/source.json,results/runs/stage_B3_pv_M50_eps001_parallel_001_20260907/candidate.npz,results/runs/stage_B3_pv_M50_eps001_adaptive_009_20260907/center_first_coefficients.json,
B3,chiral,0.001,boundary,"[-63.73190963436176, -987.8162109951755]","[0.02024659273997727, -0.0019141328228940427]",0.6004574135447361,0.6009256326700807,0.00046821912534456006,True,results/runs/stage_B3_pv_M50_eps001_adaptive_014_20260907/report.json,results/runs/stage_B3_pv_M50_eps001_adaptive_014_20260907/coefficients.json,results/runs/stage_B3_pv_M50_eps001_adaptive_014_20260907/source.json,results/runs/stage_B3_pv_M50_eps001_adaptive_014_20260907/candidate.npz,results/runs/stage_B3_pv_M50_eps001_adaptive_007_20260907/center_first_coefficients.json,
B3,chiral,0.001,boundary,"[61.86933032382292, 807.3133036001022]","[0.07180467429114437, -0.004427886086386678]",0.8678157681475696,0.8682907910700631,0.0004750229224935732,True,results/runs/stage_B3_pv_M50_eps001_parallel_002_20260907/report.json,results/runs/stage_B3_pv_M50_eps001_parallel_002_20260907/coefficients.json,results/runs/stage_B3_pv_M50_eps001_parallel_002_20260907/source.json,results/runs/stage_B3_pv_M50_eps001_parallel_002_20260907/candidate.npz,results/runs/stage_B3_pv_M50_eps001_adaptive_003_20260907/center_first_coefficients.json,
B3,chiral,0.001,boundary,"[-53.74951358560423, -896.7687204416243]","[0.04368379123836979, -0.0033803755602980576]",0.6834325351831717,0.6839070296284886,0.0004744944453168865,True,results/runs/stage_B3_pv_M50_eps001_adaptive_015_20260907/report.json,results/runs/stage_B3_pv_M50_eps001_adaptive_015_20260907/coefficients.json,results/runs/stage_B3_pv_M50_eps001_adaptive_015_20260907/source.json,results/runs/stage_B3_pv_M50_eps001_adaptive_015_20260907/candidate.npz,results/runs/stage_B3_pv_M50_eps001_adaptive_007_20260907/center_first_coefficients.json,
B3,chiral,0.001,boundary,"[64.04763136379908, 989.82458813657]","[-0.013456524412652195, 0.0013539747138304134]",0.4783389484450084,0.4788026658062198,0.0004637173612113688,True,results/runs/stage_B3_pv_M50_eps001_parallel_003_20260907/report.json,results/runs/stage_B3_pv_M50_eps001_parallel_003_20260907/coefficients.json,results/runs/stage_B3_pv_M50_eps001_parallel_003_20260907/source.json,results/runs/stage_B3_pv_M50_eps001_parallel_003_20260907/candidate.npz,results/runs/stage_B3_pv_M50_eps001_adaptive_010_20260907/center_first_coefficients.json,
B3,chiral,0.001,boundary,"[68.0184082475765, 985.1454518190329]","[0.0573840591858854, -0.0033947233167901467]",0.5588761288888101,0.5593356515506057,0.00045952266179560835,True,results/runs/stage_B3_pv_M50_eps001_adaptive_016_20260907/report.json,results/runs/stage_B3_pv_M50_eps001_adaptive_016_20260907/coefficients.json,results/runs/stage_B3_pv_M50_eps001_adaptive_016_20260907/source.json,results/runs/stage_B3_pv_M50_eps001_adaptive_016_20260907/candidate.npz,results/runs/stage_B3_pv_M50_eps001_adaptive_008_20260907/center_first_coefficients.json,
B3,chiral,0.001,boundary,"[-67.97848067955236, -987.7371552772934]","[-0.007143654483820785, -8.902961344297955e-05]",0.5735526354274143,0.5740179681130742,0.00046533268565984725,True,results/runs/stage_B3_pv_M50_eps001_parallel_004_20260907/report.json,results/runs/stage_B3_pv_M50_eps001_parallel_004_20260907/coefficients.json,results/runs/stage_B3_pv_M50_eps001_parallel_004_20260907/source.json,results/runs/stage_B3_pv_M50_eps001_parallel_004_20260907/candidate.npz,results/runs/stage_B3_pv_M50_eps001_adaptive_014_20260907/center_first_coefficients.json,
B3,chiral,0.001,boundary,"[67.31328710881914, 998.50063391777]","[0.027055665681368756, -0.0013301670187397072]",0.49303318050209183,0.4934907714886079,0.0004575909865160988,True,results/runs/stage_B3_pv_M50_eps001_adaptive_017_20260907/report.json,results/runs/stage_B3_pv_M50_eps001_adaptive_017_20260907/coefficients.json,results/runs/stage_B3_pv_M50_eps001_adaptive_017_20260907/source.json,results/runs/stage_B3_pv_M50_eps001_adaptive_017_20260907/candidate.npz,results/runs/stage_B3_pv_M50_eps001_adaptive_008_20260907/center_first_coefficients.json,
B3,chiral,0.001,boundary,"[-40.764071708753036, -747.382081861263]","[0.05884392116070684, -0.0042502625318979765]",0.7778522377275683,0.7783265714047941,0.0004743336772258245,True,results/runs/stage_B3_pv_M50_eps001_parallel_005_20260907/report.json,results/runs/stage_B3_pv_M50_eps001_parallel_005_20260907/coefficients.json,results/runs/stage_B3_pv_M50_eps001_parallel_005_20260907/source.json,results/runs/stage_B3_pv_M50_eps001_parallel_005_20260907/candidate.npz,results/runs/stage_B3_pv_M50_eps001_adaptive_011_20260907/center_first_coefficients.json,
B3,chiral,0.001,boundary,"[65.56642934765983, 997.6155772429029]","[-0.0017749806355889636, 0.0005925399091158531]",0.47474790103526077,0.475207499723034,0.0004595986877732328,True,results/runs/stage_B3_pv_M50_eps001_adaptive_018_20260907/report.json,results/runs/stage_B3_pv_M50_eps001_adaptive_018_20260907/coefficients.json,results/runs/stage_B3_pv_M50_eps001_adaptive_018_20260907/source.json,results/runs/stage_B3_pv_M50_eps001_adaptive_018_20260907/candidate.npz,results/runs/stage_B3_pv_M50_eps001_adaptive_017_20260907/center_first_coefficients.json,
B3,chiral,0.0006,boundary,"[1.0, 0.0]","[0.06827327440306558, -0.004450210014175769]",0.06827327440306555,0.06832086671992502,4.7592316859468304e-05,True,results/runs/stage_B3_pv_M50_eps0006_x_20260907/report.json,results/runs/stage_B3_pv_M50_eps0006_x_20260907/coefficients.json,results/runs/stage_B3_pv_M50_eps0006_x_20260907/source.json,results/runs/stage_B3_pv_M50_eps0006_x_20260907/candidate.npz,,
B3,chiral,0.0006,dual,"[111.11111111111111, 1666.6666666666667]","[0.007599943527619193, -0.00017296765390263104]",0.556158746564414,0.5566436632423247,0.0004849166779107295,True,results/runs/stage_B3_pv_M50_eps0006_strip_plus_reverified_20260907/report.json,results/runs/stage_B3_pv_M50_eps0006_strip_plus_reverified_20260907/coefficients.json,results/runs/stage_B3_pv_M50_eps0006_strip_plus_reverified_20260907/source.json,results/runs/stage_B3_pv_M50_eps0006_strip_plus_reverified_20260907/candidate.npz,results/runs/stage_B3_pv_M50_eps0006_strip_plus_20260907/coefficients.json,results/runs/stage_B3_pv_M50_eps0006_strip_plus_20260907/candidate.npz
B3,chiral,0.0006,dual,"[-111.11111111111111, -1666.6666666666667]","[0.004994696345931535, -0.0007172100322161352]",0.6403837930344989,0.7559056431322092,0.11552185009771034,False,results/runs/stage_B3_pv_M50_eps0006_strip_minus_reverified_20260907/report.json,results/runs/stage_B3_pv_M50_eps0006_strip_minus_reverified_20260907/coefficients.json,results/runs/stage_B3_pv_M50_eps0006_strip_minus_reverified_20260907/source.json,results/runs/stage_B3_pv_M50_eps0006_strip_minus_reverified_20260907/candidate.npz,results/runs/stage_B3_pv_M50_eps0006_strip_minus_20260907/coefficients.json,results/runs/stage_B3_pv_M50_eps0006_strip_minus_20260907/candidate.npz
B3,chiral,0.0006,boundary,"[-71.72133289658352, -1215.7578312324868]","[0.012698795131485271, -0.0012094891869571219]",0.5596714378233648,4700421.109620066,4700420.54994863,False,results/runs/stage_B3_pv_M50_eps0006_adaptive_001_20260907/report.json,results/runs/stage_B3_pv_M50_eps0006_adaptive_001_20260907/coefficients.json,results/runs/stage_B3_pv_M50_eps0006_adaptive_001_20260907/source.json,results/runs/stage_B3_pv_M50_eps0006_adaptive_001_20260907/candidate.npz,results/runs/stage_B3_pv_M50_eps0006_strip_minus_reverified_20260907/coefficients.json,
B3,chiral,0.0006,boundary,"[-68.01089194585425, -1166.30530866507]","[0.04633047910933213, -0.0033507561904106077]",0.7570275244137928,0.7575260164513078,0.0004984920375149527,True,results/runs/stage_B3_pv_M50_eps0006_adaptive_002_20260907/report.json,results/runs/stage_B3_pv_M50_eps0006_adaptive_002_20260907/coefficients.json,results/runs/stage_B3_pv_M50_eps0006_adaptive_002_20260907/source.json,results/runs/stage_B3_pv_M50_eps0006_adaptive_002_20260907/candidate.npz,,
B3,chiral,0.0006,boundary,"[-111.11111111111111, -1666.6666666666667]","[0.005267609616000169, -0.0007523786155354193]",0.6686744018923467,0.6691500147671652,0.0004756128748184541,True,results/runs/stage_B3_pv_M50_eps0006_strip_minus_fixed_20260907/report.json,results/runs/stage_B3_pv_M50_eps0006_strip_minus_fixed_20260907/coefficients.json,results/runs/stage_B3_pv_M50_eps0006_strip_minus_fixed_20260907/source.json,results/runs/stage_B3_pv_M50_eps0006_strip_minus_fixed_20260907/candidate.npz,results/runs/stage_B3_pv_M50_eps0006_strip_minus_reverified_20260907/coefficients.json,
B3,chiral,0.0006,boundary,"[106.41707019026184, 1509.5422626547274]","[0.05709706180812017, -0.0035324533459351972]",0.743714417547163,0.7441858517000832,0.0004714341529201694,True,results/runs/stage_B3_pv_M50_eps0006_adaptive_003_20260907/report.json,results/runs/stage_B3_pv_M50_eps0006_adaptive_003_20260907/coefficients.json,results/runs/stage_B3_pv_M50_eps0006_adaptive_003_20260907/source.json,results/runs/stage_B3_pv_M50_eps0006_adaptive_003_20260907/candidate.npz,,
B3,chiral,0.0006,boundary,"[-36.99354335487469, -738.3136348973702]","[0.06381833456156838, -0.004300595642752194]",0.8143220747848874,0.8147984258621325,0.00047635107724508524,True,results/runs/stage_B3_pv_M50_eps0006_adaptive_004_20260907/report.json,results/runs/stage_B3_pv_M50_eps0006_adaptive_004_20260907/coefficients.json,results/runs/stage_B3_pv_M50_eps0006_adaptive_004_20260907/source.json,results/runs/stage_B3_pv_M50_eps0006_adaptive_004_20260907/candidate.npz,results/runs/stage_B3_pv_M50_eps0006_adaptive_003_20260907/center_first_coefficients.json,
B3,chiral,0.0006,boundary,"[-97.43941095254523, -1539.8615867609992]","[0.028080294422957744, -0.0022338242488997686]",0.7036528045089508,0.7041333465595336,0.0004805420505827885,True,results/runs/stage_B3_pv_M50_eps0006_adaptive_005_20260907/report.json,results/runs/stage_B3_pv_M50_eps0006_adaptive_005_20260907/coefficients.json,results/runs/stage_B3_pv_M50_eps0006_adaptive_005_20260907/source.json,results/runs/stage_B3_pv_M50_eps0006_adaptive_005_20260907/candidate.npz,results/runs/stage_B3_pv_M50_eps0006_adaptive_004_20260907/center_first_coefficients.json,
B3,chiral,0.0006,boundary,"[64.05775899546713, 780.0794673185113]","[0.06509823592216893, -0.004128663588172552]",0.9493614151333798,0.949840822364916,0.00047940723153616643,True,results/runs/stage_B3_pv_M50_eps0006_adaptive_006_20260907/report.json,results/runs/stage_B3_pv_M50_eps0006_adaptive_006_20260907/coefficients.json,results/runs/stage_B3_pv_M50_eps0006_adaptive_006_20260907/source.json,results/runs/stage_B3_pv_M50_eps0006_adaptive_006_20260907/candidate.npz,results/runs/stage_B3_pv_M50_eps0006_adaptive_003_20260907/center_first_coefficients.json,
B3,chiral,0.0006,boundary,"[6.949758325050052, 305.3621275959188]","[-0.05572900173812984, 0.0038387852237299672]",0.7849165295256612,0.7853942179584679,0.0004776884328067111,True,results/runs/stage_B3_pv_M50_eps0006_adaptive_007_20260907/report.json,results/runs/stage_B3_pv_M50_eps0006_adaptive_007_20260907/coefficients.json,results/runs/stage_B3_pv_M50_eps0006_adaptive_007_20260907/source.json,results/runs/stage_B3_pv_M50_eps0006_adaptive_007_20260907/candidate.npz,results/runs/stage_B3_pv_M50_eps0006_adaptive_003_20260907/center_first_coefficients.json,
B3,chiral,0.0006,boundary,"[111.91239261929799, 1648.8657617052772]","[0.03370248592838257, -0.001929797514421559]",0.5897487889098612,0.5902188884081537,0.0004700994982925755,True,results/runs/stage_B3_pv_M50_eps0006_adaptive_008_20260907/report.json,results/runs/stage_B3_pv_M50_eps0006_adaptive_008_20260907/coefficients.json,results/runs/stage_B3_pv_M50_eps0006_adaptive_008_20260907/source.json,results/runs/stage_B3_pv_M50_eps0006_adaptive_008_20260907/candidate.npz,results/runs/stage_B3_pv_M50_eps0006_adaptive_003_20260907/center_first_coefficients.json,
B3,chiral,0.0006,boundary,"[-86.46250863680511, -1148.710919640404]","[-0.037824148984768755, 0.0022915368471637886]",0.6380574091799844,0.6385347860150633,0.0004773768350788688,True,results/runs/stage_B3_pv_M50_eps0006_adaptive_009_20260907/report.json,results/runs/stage_B3_pv_M50_eps0006_adaptive_009_20260907/coefficients.json,results/runs/stage_B3_pv_M50_eps0006_adaptive_009_20260907/source.json,results/runs/stage_B3_pv_M50_eps0006_adaptive_009_20260907/candidate.npz,results/runs/stage_B3_pv_M50_eps0006_adaptive_007_20260907/center_first_coefficients.json,
B3,chiral,0.0006,boundary,"[97.83942320693748, 1544.4788515390815]","[-0.03531558488109543, 0.0026201097205746106]",0.5914475971574396,0.5919190648497927,0.00047146769235317803,True,results/runs/stage_B3_pv_M50_eps0006_parallel_001_20260907/report.json,results/runs/stage_B3_pv_M50_eps0006_parallel_001_20260907/coefficients.json,results/runs/stage_B3_pv_M50_eps0006_parallel_001_20260907/source.json,results/runs/stage_B3_pv_M50_eps0006_parallel_001_20260907/candidate.npz,results/runs/stage_B3_pv_M50_eps0006_adaptive_007_20260907/center_first_coefficients.json,
B3,chiral,0.0006,boundary,"[-49.994199422323035, -920.462222107659]","[0.0551104721319546, -0.0038457813424110443]",0.784692506152531,0.7851705086864506,0.00047800253391949715,True,results/runs/stage_B3_pv_M50_eps0006_adaptive_010_20260907/report.json,results/runs/stage_B3_pv_M50_eps0006_adaptive_010_20260907/coefficients.json,results/runs/stage_B3_pv_M50_eps0006_adaptive_010_20260907/source.json,results/runs/stage_B3_pv_M50_eps0006_adaptive_010_20260907/candidate.npz,results/runs/stage_B3_pv_M50_eps0006_adaptive_004_20260907/center_first_coefficients.json,
B3,chiral,0.0006,boundary,"[-105.8996415622245, -1630.7416821246609]","[0.016726109595055747, -0.0015062447390958137]",0.6850070686776402,0.6854844483898257,0.0004773797121855328,True,results/runs/stage_B3_pv_M50_eps0006_adaptive_011_20260907/report.json,results/runs/stage_B3_pv_M50_eps0006_adaptive_011_20260907/coefficients.json,results/runs/stage_B3_pv_M50_eps0006_adaptive_011_20260907/source.json,results/runs/stage_B3_pv_M50_eps0006_adaptive_011_20260907/candidate.npz,results/runs/stage_B3_pv_M50_eps0006_adaptive_005_20260907/center_first_coefficients.json,
B3,chiral,0.0006,boundary,"[89.62980817665775, 1202.8369360765412]","[0.06164113328162003, -0.0038605166712054224]",0.8813109073582579,0.8817901527790646,0.00047924542080668436,True,results/runs/stage_B3_pv_M50_eps0006_parallel_002_20260907/report.json,results/runs/stage_B3_pv_M50_eps0006_parallel_002_20260907/coefficients.json,results/runs/stage_B3_pv_M50_eps0006_parallel_002_20260907/source.json,results/runs/stage_B3_pv_M50_eps0006_parallel_002_20260907/candidate.npz,results/runs/stage_B3_pv_M50_eps0006_adaptive_006_20260907/center_first_coefficients.json,
B3,chiral,0.0006,boundary,"[-105.91609394269376, -1499.4209951112357]","[-0.017767766297528225, 0.0008266382639472574]",0.6424136359960065,0.6428897799791621,0.00047614398315554146,True,results/runs/stage_B3_pv_M50_eps0006_adaptive_012_20260907/report.json,results/runs/stage_B3_pv_M50_eps0006_adaptive_012_20260907/coefficients.json,results/runs/stage_B3_pv_M50_eps0006_adaptive_012_20260907/source.json,results/runs/stage_B3_pv_M50_eps0006_adaptive_012_20260907/candidate.npz,results/runs/stage_B3_pv_M50_eps0006_adaptive_009_20260907/center_first_coefficients.json,
B3,chiral,0.0006,boundary,"[-84.82233916780406, -1385.9603238212965]","[0.03768525985941734, -0.0028332346370518757]",0.7301989016078012,0.7306800826885932,0.00048118108079198146,True,results/runs/stage_B3_pv_M50_eps0006_adaptive_013_20260907/report.json,results/runs/stage_B3_pv_M50_eps0006_adaptive_013_20260907/coefficients.json,results/runs/stage_B3_pv_M50_eps0006_adaptive_013_20260907/source.json,results/runs/stage_B3_pv_M50_eps0006_adaptive_013_20260907/candidate.npz,results/runs/stage_B3_pv_M50_eps0006_adaptive_005_20260907/center_first_coefficients.json,
B3,chiral,0.0006,boundary,"[-13.440144689269344, -400.1957531352421]","[0.06712339897499249, -0.004448348614121414]",0.878062029576977,0.8785407666848717,0.0004787371078947001,True,results/runs/stage_B3_pv_M50_eps0006_adaptive_014_20260907/report.json,results/runs/stage_B3_pv_M50_eps0006_adaptive_014_20260907/coefficients.json,results/runs/stage_B3_pv_M50_eps0006_adaptive_014_20260907/source.json,results/runs/stage_B3_pv_M50_eps0006_adaptive_014_20260907/candidate.npz,results/runs/stage_B3_pv_M50_eps0006_adaptive_004_20260907/center_first_coefficients.json,
B3,chiral,0.0006,boundary,"[106.49627880953058, 1636.3113032370604]","[-0.013482759232775112, 0.001217832578597966]",0.5568895274347965,0.5573634764849866,0.0004739490501901589,True,results/runs/stage_B3_pv_M50_eps0006_parallel_003_20260907/report.json,results/runs/stage_B3_pv_M50_eps0006_parallel_003_20260907/coefficients.json,results/runs/stage_B3_pv_M50_eps0006_parallel_003_20260907/source.json,results/runs/stage_B3_pv_M50_eps0006_parallel_003_20260907/candidate.npz,results/runs/stage_B3_pv_M50_eps0006_adaptive_008_20260907/center_first_coefficients.json,
B3,chiral,0.0006,boundary,"[111.39804910645265, 1626.1196330682483]","[0.04905142004426435, -0.002976420502969321]",0.6242166826869123,0.6246826739049162,0.0004659912180038362,True,results/runs/stage_B3_pv_M50_eps0006_parallel_004_20260907/report.json,results/runs/stage_B3_pv_M50_eps0006_parallel_004_20260907/coefficients.json,results/runs/stage_B3_pv_M50_eps0006_parallel_004_20260907/source.json,results/runs/stage_B3_pv_M50_eps0006_parallel_004_20260907/candidate.npz,results/runs/stage_B3_pv_M50_eps0006_adaptive_008_20260907/center_first_coefficients.json,
B3,chiral,0.0006,boundary,"[38.84105962333798, 383.52738195779295]","[0.06748725832560132, -0.004340667989135215]",0.9565115946192666,0.9569920880197674,0.0004804934005008255,True,results/runs/stage_B3_pv_M50_eps0006_adaptive_015_20260907/report.json,results/runs/stage_B3_pv_M50_eps0006_adaptive_015_20260907/coefficients.json,results/runs/stage_B3_pv_M50_eps0006_adaptive_015_20260907/source.json,results/runs/stage_B3_pv_M50_eps0006_adaptive_015_20260907/candidate.npz,results/runs/stage_B3_pv_M50_eps0006_adaptive_006_20260907/center_first_coefficients.json,
B3,chiral,0.0006,boundary,"[-111.3427385928786, -1624.3156561879064]","[-0.006673513480165115, 5.495474281155805e-05]",0.6537834177874822,0.6542572320303084,0.0004738142428262205,True,results/runs/stage_B3_pv_M50_eps0006_parallel_005_20260907/report.json,results/runs/stage_B3_pv_M50_eps0006_parallel_005_20260907/coefficients.json,results/runs/stage_B3_pv_M50_eps0006_parallel_005_20260907/source.json,results/runs/stage_B3_pv_M50_eps0006_parallel_005_20260907/candidate.npz,results/runs/stage_B3_pv_M50_eps0006_adaptive_012_20260907/center_first_coefficients.json,
B3,chiral,0.0006,boundary,"[111.83522196161982, 1661.619994488086]","[0.020341309517603587, -0.0010266424207736266]",0.5689852913440984,0.5694499009189246,0.0004646095748261914,True,results/runs/stage_B3_pv_M50_eps0006_adaptive_016_20260907/report.json,results/runs/stage_B3_pv_M50_eps0006_adaptive_016_20260907/coefficients.json,results/runs/stage_B3_pv_M50_eps0006_adaptive_016_20260907/source.json,results/runs/stage_B3_pv_M50_eps0006_adaptive_016_20260907/candidate.npz,results/runs/stage_B3_pv_M50_eps0006_adaptive_008_20260907/center_first_coefficients.json,
B3,chiral,0.0002,boundary,"[1.0, 0.0]","[0.054467489459640896, -0.0035686733478122244]",0.05446748945964088,0.05452031923959315,5.282977995226674e-05,True,results/runs/stage_B3_pv_M50_eps0002_x_20260907/report.json,results/runs/stage_B3_pv_M50_eps0002_x_20260907/coefficients.json,results/runs/stage_B3_pv_M50_eps0002_x_20260907/source.json,results/runs/stage_B3_pv_M50_eps0002_x_20260907/candidate.npz,,
B3,chiral,0.0002,boundary,"[333.3333333333333, 5000.0]","[0.007344626719140031, -0.000333417932893911]",0.781119241910455,0.9205666261228327,0.1394473842123777,False,results/runs/stage_B3_pv_M50_eps0002_strip_plus_20260907/report.json,results/runs/stage_B3_pv_M50_eps0002_strip_plus_20260907/coefficients.json,results/runs/stage_B3_pv_M50_eps0002_strip_plus_20260907/source.json,results/runs/stage_B3_pv_M50_eps0002_strip_plus_20260907/candidate.npz,,
B3,chiral,0.0002,dual,"[-333.3333333333333, -5000.0]","[0.004297821488577467, -0.0005074623280968642]",1.1047044776251653,1.1058480671132278,0.00114358948806248,True,results/runs/stage_B3_pv_M50_eps0002_strip_minus_reverified_20260907/report.json,results/runs/stage_B3_pv_M50_eps0002_strip_minus_reverified_20260907/coefficients.json,results/runs/stage_B3_pv_M50_eps0002_strip_minus_reverified_20260907/source.json,results/runs/stage_B3_pv_M50_eps0002_strip_minus_reverified_20260907/candidate.npz,results/runs/stage_B3_pv_M50_eps0002_strip_minus_20260907/coefficients.json,results/runs/stage_B3_pv_M50_eps0002_strip_minus_20260907/candidate.npz
B3,chiral,0.0002,boundary,"[333.3333333333333, 5000.0]","[0.0077977695265174125, -0.0003629189886582171]",0.7846615655480517,2.0997066307615064,1.3150450652134549,False,results/runs/stage_B3_pv_M50_eps0002_strip_plus_center_20260907/report.json,results/runs/stage_B3_pv_M50_eps0002_strip_plus_center_20260907/coefficients.json,results/runs/stage_B3_pv_M50_eps0002_strip_plus_center_20260907/source.json,results/runs/stage_B3_pv_M50_eps0002_strip_plus_center_20260907/candidate.npz,results/runs/stage_B3_pv_M50_eps0002_strip_plus_20260907/coefficients.json,
B3,chiral,0.0002,boundary,"[333.3333333333333, 5000.0]","[0.007797772565427021, -0.00036291919228524113]",0.7846615603828011,2.1080691161950944,1.3234075558122935,False,results/runs/stage_B3_pv_M50_eps0002_strip_plus_precision_20260907/report.json,results/runs/stage_B3_pv_M50_eps0002_strip_plus_precision_20260907/coefficients.json,results/runs/stage_B3_pv_M50_eps0002_strip_plus_precision_20260907/source.json,results/runs/stage_B3_pv_M50_eps0002_strip_plus_precision_20260907/candidate.npz,results/runs/stage_B3_pv_M50_eps0002_strip_plus_20260907/coefficients.json,
B3,chiral,0.0002,boundary,"[333.3333333333333, 5000.0]","[0.00773225772203811, -0.00035863081279701483]",0.7842651766942953,0.7847169067405558,0.00045173004626053453,True,results/runs/stage_B3_pv_M50_eps0002_central_fixed_20260907/report.json,results/runs/stage_B3_pv_M50_eps0002_central_fixed_20260907/coefficients.json,results/runs/stage_B3_pv_M50_eps0002_central_fixed_20260907/source.json,results/runs/stage_B3_pv_M50_eps0002_central_fixed_20260907/candidate.npz,results/runs/stage_B3_pv_M50_eps0002_strip_plus_20260907/coefficients.json,
B3,chiral,0.0002,boundary,"[-132.6504687215749, -2173.986023539844]","[0.03731312304618844, -0.0026272575117259546]",0.7620178491895988,0.7625083961038528,0.0004905469142539866,True,results/runs/stage_B3_pv_M50_eps0002_adaptive_001_20260907/report.json,results/runs/stage_B3_pv_M50_eps0002_adaptive_001_20260907/coefficients.json,results/runs/stage_B3_pv_M50_eps0002_adaptive_001_20260907/source.json,results/runs/stage_B3_pv_M50_eps0002_adaptive_001_20260907/candidate.npz,,
B3,chiral,0.0002,boundary,"[275.8353691037355, 4015.6412378934124]","[0.048112475193378135, -0.0030694189306129612]",0.9454371193196703,0.9459173600638761,0.00048024074420571777,True,results/runs/stage_B3_pv_M50_eps0002_adaptive_002_20260907/report.json,results/runs/stage_B3_pv_M50_eps0002_adaptive_002_20260907/coefficients.json,results/runs/stage_B3_pv_M50_eps0002_adaptive_002_20260907/source.json,results/runs/stage_B3_pv_M50_eps0002_adaptive_002_20260907/candidate.npz,,
B3,chiral,0.0002,boundary,"[-238.39199968737069, -3712.898217424006]","[0.021183266144523347, -0.0016124916375079047]",0.937096150411516,0.9375905500368418,0.0004943996253258255,True,results/runs/stage_B3_pv_M50_eps0002_adaptive_003_20260907/report.json,results/runs/stage_B3_pv_M50_eps0002_adaptive_003_20260907/coefficients.json,results/runs/stage_B3_pv_M50_eps0002_adaptive_003_20260907/source.json,results/runs/stage_B3_pv_M50_eps0002_adaptive_003_20260907/candidate.npz,results/runs/stage_B3_pv_M50_eps0002_adaptive_001_20260907/center_first_coefficients.json,
B3,chiral,0.0002,boundary,"[-61.86199180292034, -1127.2417923890137]","[0.048693517793851455, -0.003290346446485159]",0.6967380272981578,0.69722005245811,0.00048202515995221523,True,results/runs/stage_B3_pv_M50_eps0002_adaptive_004_20260907/report.json,results/runs/stage_B3_pv_M50_eps0002_adaptive_004_20260907/coefficients.json,results/runs/stage_B3_pv_M50_eps0002_adaptive_004_20260907/source.json,results/runs/stage_B3_pv_M50_eps0002_adaptive_004_20260907/candidate.npz,results/runs/stage_B3_pv_M50_eps0002_adaptive_001_20260907/center_first_coefficients.json,
B3,chiral,0.0002,boundary,"[28.871470941470154, 635.9891174931747]","[-0.04507918274959971, 0.0030873239334491677]",0.6620021090296021,0.6624852827052604,0.00048317367565831054,True,results/runs/stage_B3_pv_M50_eps0002_adaptive_005_20260907/report.json,results/runs/stage_B3_pv_M50_eps0002_adaptive_005_20260907/coefficients.json,results/runs/stage_B3_pv_M50_eps0002_adaptive_005_20260907/source.json,results/runs/stage_B3_pv_M50_eps0002_adaptive_005_20260907/candidate.npz,results/runs/stage_B3_pv_M50_eps0002_adaptive_002_20260907/center_first_coefficients.json,
B3,chiral,0.0002,boundary,"[330.84465086206967, 4928.100870164433]","[0.03655228961722924, -0.002282921860393421]",0.8426602898992402,0.843127426136297,0.0004671362370567423,True,results/runs/stage_B3_pv_M50_eps0002_adaptive_006_20260907/report.json,results/runs/stage_B3_pv_M50_eps0002_adaptive_006_20260907/coefficients.json,results/runs/stage_B3_pv_M50_eps0002_adaptive_006_20260907/source.json,results/runs/stage_B3_pv_M50_eps0002_adaptive_006_20260907/candidate.npz,results/runs/stage_B3_pv_M50_eps0002_adaptive_002_20260907/center_first_coefficients.json,
B3,chiral,0.0002,boundary,"[87.80408728248187, 1117.659069391157]","[0.052892769961889276, -0.0034128845804202827]",0.8297599862539989,0.8302436374750919,0.00048365122109295117,True,results/runs/stage_B3_pv_M50_eps0002_adaptive_007_20260907/report.json,results/runs/stage_B3_pv_M50_eps0002_adaptive_007_20260907/coefficients.json,results/runs/stage_B3_pv_M50_eps0002_adaptive_007_20260907/source.json,results/runs/stage_B3_pv_M50_eps0002_adaptive_007_20260907/candidate.npz,results/runs/stage_B3_pv_M50_eps0002_adaptive_004_20260907/center_first_coefficients.json,
B3,chiral,0.0002,boundary,"[-147.86406069881846, -2031.0204336487104]","[-0.027819940093891715, 0.0017201356688169018]",0.6199386186655791,0.6204221070592665,0.00048348839368739244,True,results/runs/stage_B3_pv_M50_eps0002_adaptive_008_20260907/report.json,results/runs/stage_B3_pv_M50_eps0002_adaptive_008_20260907/coefficients.json,results/runs/stage_B3_pv_M50_eps0002_adaptive_008_20260907/source.json,results/runs/stage_B3_pv_M50_eps0002_adaptive_008_20260907/candidate.npz,results/runs/stage_B3_pv_M50_eps0002_adaptive_005_20260907/center_first_coefficients.json,
B3,chiral,0.0002,boundary,"[-298.5370428041737, -4561.807248991742]","[0.012739511304500304, -0.0010650457922512365]",1.0553175839839812,1.0558099374208305,0.00049235343684928,True,results/runs/stage_B3_pv_M50_eps0002_parallel_001_20260907/report.json,results/runs/stage_B3_pv_M50_eps0002_parallel_001_20260907/coefficients.json,results/runs/stage_B3_pv_M50_eps0002_parallel_001_20260907/source.json,results/runs/stage_B3_pv_M50_eps0002_parallel_001_20260907/candidate.npz,results/runs/stage_B3_pv_M50_eps0002_adaptive_003_20260907/center_first_coefficients.json,
B3,chiral,0.0002,boundary,"[289.5377894494071, 4437.35012726269]","[-0.02796584808640364, 0.0020130197293774564]",0.8353035173201189,0.8357864721369408,0.00048295481682192337,True,results/runs/stage_B3_pv_M50_eps0002_adaptive_009_20260907/report.json,results/runs/stage_B3_pv_M50_eps0002_adaptive_009_20260907/coefficients.json,results/runs/stage_B3_pv_M50_eps0002_adaptive_009_20260907/source.json,results/runs/stage_B3_pv_M50_eps0002_adaptive_009_20260907/candidate.npz,results/runs/stage_B3_pv_M50_eps0002_adaptive_006_20260907/center_first_coefficients.json,
B3,chiral,0.0002,boundary,"[-246.8917659058768, -3559.7135951037194]","[-0.012773294200951362, 0.0006529701576622146]",0.8292344142809729,0.8297244464373038,0.0004900321563309219,True,results/runs/stage_B3_pv_M50_eps0002_parallel_002_20260907/report.json,results/runs/stage_B3_pv_M50_eps0002_parallel_002_20260907/coefficients.json,results/runs/stage_B3_pv_M50_eps0002_parallel_002_20260907/source.json,results/runs/stage_B3_pv_M50_eps0002_parallel_002_20260907/candidate.npz,results/runs/stage_B3_pv_M50_eps0002_adaptive_008_20260907/center_first_coefficients.json,
B3,chiral,0.0002,boundary,"[-184.89391143327398, -2938.9166596737746]","[0.030234507980615565, -0.0021878615413374065]",0.8397662920994968,0.8402571095822039,0.0004908174827070734,True,results/runs/stage_B3_pv_M50_eps0002_adaptive_010_20260907/report.json,results/runs/stage_B3_pv_M50_eps0002_adaptive_010_20260907/coefficients.json,results/runs/stage_B3_pv_M50_eps0002_adaptive_010_20260907/source.json,results/runs/stage_B3_pv_M50_eps0002_adaptive_010_20260907/candidate.npz,results/runs/stage_B3_pv_M50_eps0002_adaptive_001_20260907/center_first_coefficients.json,
B3,chiral,0.0002,boundary,"[304.0625215279509, 4469.208225573822]","[0.041405272178907486, -0.0026105471240882466]",0.9227127830464452,0.9231936997490112,0.00048091670256600333,True,results/runs/stage_B3_pv_M50_eps0002_parallel_003_20260907/report.json,results/runs/stage_B3_pv_M50_eps0002_parallel_003_20260907/coefficients.json,results/runs/stage_B3_pv_M50_eps0002_parallel_003_20260907/source.json,results/runs/stage_B3_pv_M50_eps0002_parallel_003_20260907/candidate.npz,results/runs/stage_B3_pv_M50_eps0002_adaptive_002_20260907/center_first_coefficients.json,
B3,chiral,0.0002,boundary,"[-35.22573516777124, -730.7680134242739]","[0.05321331302387954, -0.0035297965958574814]",0.7049843741676431,0.7054654282002759,0.0004810540326327662,True,results/runs/stage_B3_pv_M50_eps0002_adaptive_011_20260907/report.json,results/runs/stage_B3_pv_M50_eps0002_adaptive_011_20260907/coefficients.json,results/runs/stage_B3_pv_M50_eps0002_adaptive_011_20260907/source.json,results/runs/stage_B3_pv_M50_eps0002_adaptive_011_20260907/candidate.npz,results/runs/stage_B3_pv_M50_eps0002_adaptive_004_20260907/center_first_coefficients.json,
B3,chiral,0.0002,boundary,"[-306.3938080019558, -4507.3575646542085]","[-0.00439336959541601, 7.769795070908376e-05]",0.9958887944128045,0.9963783344758685,0.0004895400630640091,True,results/runs/stage_B3_pv_M50_eps0002_parallel_004_20260907/report.json,results/runs/stage_B3_pv_M50_eps0002_parallel_004_20260907/coefficients.json,results/runs/stage_B3_pv_M50_eps0002_parallel_004_20260907/source.json,results/runs/stage_B3_pv_M50_eps0002_parallel_004_20260907/candidate.npz,results/runs/stage_B3_pv_M50_eps0002_adaptive_008_20260907/center_first_coefficients.json,
B3,chiral,0.0002,boundary,"[-89.97033734640921, -1544.133676358761]","[0.043435740807759714, -0.002992704226023688]",0.7132071254190233,0.7136939824587337,0.0004868570397104089,True,results/runs/stage_B3_pv_M50_eps0002_adaptive_012_20260907/report.json,results/runs/stage_B3_pv_M50_eps0002_adaptive_012_20260907/coefficients.json,results/runs/stage_B3_pv_M50_eps0002_adaptive_012_20260907/source.json,results/runs/stage_B3_pv_M50_eps0002_adaptive_012_20260907/candidate.npz,results/runs/stage_B3_pv_M50_eps0002_adaptive_004_20260907/center_first_coefficients.json,
B3,chiral,0.0002,boundary,"[167.29538060640667, 2328.387811583242]","[0.050921519275357464, -0.0032659675147235804]",0.9144959939182025,0.9149817515616206,0.0004857576434181832,True,results/runs/stage_B3_pv_M50_eps0002_adaptive_013_20260907/report.json,results/runs/stage_B3_pv_M50_eps0002_adaptive_013_20260907/coefficients.json,results/runs/stage_B3_pv_M50_eps0002_adaptive_013_20260907/source.json,results/runs/stage_B3_pv_M50_eps0002_adaptive_013_20260907/candidate.npz,results/runs/stage_B3_pv_M50_eps0002_adaptive_007_20260907/center_first_coefficients.json,
B3,chiral,0.0002,boundary,"[333.61141173331606, 4996.261298560893]","[0.026952490879378718, -0.0016409610428037074]",0.7929883813925704,0.7934502022199474,0.000461820827377002,True,results/runs/stage_B3_pv_M50_eps0002_parallel_005_20260907/report.json,results/runs/stage_B3_pv_M50_eps0002_parallel_005_20260907/coefficients.json,results/runs/stage_B3_pv_M50_eps0002_parallel_005_20260907/source.json,results/runs/stage_B3_pv_M50_eps0002_parallel_005_20260907/candidate.npz,results/runs/stage_B3_pv_M50_eps0002_adaptive_006_20260907/center_first_coefficients.json,
B3,chiral,0.0002,boundary,"[-327.16234499306006, -4859.233544737964]","[-4.901910196909992e-06, -0.0002191914093806538]",1.0667059696158305,1.0671999721462937,0.0004940025304631669,True,results/runs/stage_B3_pv_M50_eps0002_parallel_006_20260907/report.json,results/runs/stage_B3_pv_M50_eps0002_parallel_006_20260907/coefficients.json,results/runs/stage_B3_pv_M50_eps0002_parallel_006_20260907/source.json,results/runs/stage_B3_pv_M50_eps0002_parallel_006_20260907/candidate.npz,results/runs/stage_B3_pv_M50_eps0002_adaptive_008_20260907/center_first_coefficients.json,
B3,chiral,0.0002,boundary,"[41.67075559511033, 421.20977282382546]","[0.05407065156087309, -0.0035138610486839237]",0.7730922920108685,0.7735735995032629,0.00048130749239438947,True,results/runs/stage_B3_pv_M50_eps0002_adaptive_014_20260907/report.json,results/runs/stage_B3_pv_M50_eps0002_adaptive_014_20260907/coefficients.json,results/runs/stage_B3_pv_M50_eps0002_adaptive_014_20260907/source.json,results/runs/stage_B3_pv_M50_eps0002_adaptive_014_20260907/candidate.npz,results/runs/stage_B3_pv_M50_eps0002_adaptive_007_20260907/center_first_coefficients.json,
B3,chiral,0.0002,boundary,"[-322.15615431363454, -4877.37262999848]","[0.008514303557445481, -0.0007872542529242421]",1.0967970553370652,1.097291096439957,0.0004940411028917514,True,results/runs/stage_B3_pv_M50_eps0002_adaptive_015_20260907/report.json,results/runs/stage_B3_pv_M50_eps0002_adaptive_015_20260907/coefficients.json,results/runs/stage_B3_pv_M50_eps0002_adaptive_015_20260907/source.json,results/runs/stage_B3_pv_M50_eps0002_adaptive_015_20260907/candidate.npz,results/runs/stage_B3_pv_M50_eps0002_adaptive_003_20260907/center_first_coefficients.json,
B3,chiral,0.0002,boundary,"[-322.15615431363443, -4877.372629998479]","[0.008514303568658127, -0.0007872542529999972]",1.096797052094328,1.0972912393329064,0.0004941872385784142,True,results/runs/stage_B3_pv_M50_eps0002_parallel_007_20260907/report.json,results/runs/stage_B3_pv_M50_eps0002_parallel_007_20260907/coefficients.json,results/runs/stage_B3_pv_M50_eps0002_parallel_007_20260907/source.json,results/runs/stage_B3_pv_M50_eps0002_parallel_007_20260907/candidate.npz,results/runs/stage_B3_pv_M50_eps0002_adaptive_003_20260907/center_first_coefficients.json,
B3,chiral,0.0002,boundary,"[-210.0151770086586, -3303.78447621822]","[0.025724087182995962, -0.0019025410467583834]",0.8831368525252464,0.8836268878638791,0.0004900353386326773,True,results/runs/stage_B3_pv_M50_eps0002_parallel_008_20260907/report.json,results/runs/stage_B3_pv_M50_eps0002_parallel_008_20260907/coefficients.json,results/runs/stage_B3_pv_M50_eps0002_parallel_008_20260907/source.json,results/runs/stage_B3_pv_M50_eps0002_parallel_008_20260907/candidate.npz,results/runs/stage_B3_pv_M50_eps0002_adaptive_010_20260907/center_first_coefficients.json,
B3,chiral,0.0002,boundary,"[-269.09832577828143, -4150.548059538479]","[0.01706305619435205, -0.001346667843652691]",0.9977697507546739,0.9982615527568012,0.0004918020021272841,True,results/runs/stage_B3_pv_M50_eps0002_parallel_009_20260907/report.json,results/runs/stage_B3_pv_M50_eps0002_parallel_009_20260907/coefficients.json,results/runs/stage_B3_pv_M50_eps0002_parallel_009_20260907/source.json,results/runs/stage_B3_pv_M50_eps0002_parallel_009_20260907/candidate.npz,results/runs/stage_B3_pv_M50_eps0002_adaptive_003_20260907/center_first_coefficients.json,
